INSERT INTO "user"(username, password, role) VALUES ('stacybuck', 'W2S8GY4KACK', 'staff');
INSERT INTO "user"(username, password, role) VALUES ('anthonyparson', 'R9U2RO2EYD', 'staff');
INSERT INTO "user"(username, password, role) VALUES ('christopherforshey', 'K0CPACCMS', 'staff');
INSERT INTO "user"(username, password, role) VALUES ('mariakinney', 'C5D7QMFRH', 'staff');
INSERT INTO "user"(username, password, role) VALUES ('reggiesantiago', 'SWH8NNCGR', 'staff');
INSERT INTO "user"(username, password, role) VALUES ('jesusitafisher', 'BYXOTRSS9', 'staff');
INSERT INTO "user"(username, password, role) VALUES ('carygelabert', 'NIUKKLF0', 'staff');
INSERT INTO "user"(username, password, role) VALUES ('jamesbulmer', '9P70ZIM943', 'staff');
INSERT INTO "user"(username, password, role) VALUES ('karenbeardsley', '4SB49BUU', 'staff');
INSERT INTO "user"(username, password, role) VALUES ('soledadmassey', '6PIKK0KVD', 'staff');
INSERT INTO "user"(username, password, role) VALUES ('darlenemapes', '3BHIR95U', 'staff');
INSERT INTO "user"(username, password, role) VALUES ('carolthibodaux', '8QYEBZOEF', 'staff');
INSERT INTO "user"(username, password, role) VALUES ('jonbrown', 'DF1Z9EJD', 'staff');
INSERT INTO "user"(username, password, role) VALUES ('ronaldtiedeman', 'ZUKLPDW059', 'staff');
INSERT INTO "user"(username, password, role) VALUES ('moiseschute', '9ZEWSIHR', 'staff');
INSERT INTO "user"(username, password, role) VALUES ('vivianbucker', 'K2QAIYE52Q', 'staff');
INSERT INTO "user"(username, password, role) VALUES ('kyongschoderbek', 'Y2D04HDLDUM', 'staff');
INSERT INTO "user"(username, password, role) VALUES ('joshuafitzpatrick', 'RV51M58LRL2', 'staff');
INSERT INTO "user"(username, password, role) VALUES ('gilbertvilleneuve', 'DLMDQFF8F', 'staff');
INSERT INTO "user"(username, password, role) VALUES ('bradleymarino', 'S5KRPKRC', 'staff');
INSERT INTO "user"(username, password, role) VALUES ('marcelladong', 'CW4S29SF1', 'staff');
INSERT INTO "user"(username, password, role) VALUES ('mistismolder', '29SI4D4AD', 'staff');
INSERT INTO "user"(username, password, role) VALUES ('jermaineharrington', 'JSGG3VG3YHE', 'staff');
INSERT INTO "user"(username, password, role) VALUES ('janicealexander', 'BZXI5LMU4Q', 'staff');
INSERT INTO "user"(username, password, role) VALUES ('michaelgookin', 'L2SPAOS4U', 'staff');
INSERT INTO "user"(username, password, role) VALUES ('damoncook', 'UHC02JAKA1K', 'staff');
INSERT INTO "user"(username, password, role) VALUES ('billymull', 'P3I7YH1K0AW', 'staff');
INSERT INTO "user"(username, password, role) VALUES ('ashleyburnett', '3PIYVFPMO8', 'staff');
INSERT INTO "user"(username, password, role) VALUES ('lindaautry', '2UBC3PEEX', 'staff');
INSERT INTO "user"(username, password, role) VALUES ('jamesgabbard', '3QYWBJ09MTM', 'staff');
INSERT INTO "user"(username, password, role) VALUES ('brandonhart', 'CCGHB6CPXD22', 'teacher');
INSERT INTO "user"(username, password, role) VALUES ('jessesnider', '7PUPRRC565VR', 'teacher');
INSERT INTO "user"(username, password, role) VALUES ('tonynailor', 'MYJJAS6657M', 'teacher');
INSERT INTO "user"(username, password, role) VALUES ('judymorgan', 'KEAP6KMULD', 'teacher');
INSERT INTO "user"(username, password, role) VALUES ('marklindquist', 'CJCSL8LEPZ', 'teacher');
INSERT INTO "user"(username, password, role) VALUES ('jamesbrooks', '0LCN3VDY55Z', 'teacher');
INSERT INTO "user"(username, password, role) VALUES ('robertford', 'W4U8JVC05768', 'teacher');
INSERT INTO "user"(username, password, role) VALUES ('barbaramitchell', 'E6207781', 'teacher');
INSERT INTO "user"(username, password, role) VALUES ('eliasrobbins', 'U8KHD0P5U', 'teacher');
INSERT INTO "user"(username, password, role) VALUES ('hectorknowles', '6KYWF91UZDP', 'teacher');
INSERT INTO "user"(username, password, role) VALUES ('christielee', 'BYQO1VWUMYPK', 'teacher');
INSERT INTO "user"(username, password, role) VALUES ('christinelott', 'X6VEK3T5KE', 'teacher');
INSERT INTO "user"(username, password, role) VALUES ('francesjohnson', 'Q21LBY3X', 'teacher');
INSERT INTO "user"(username, password, role) VALUES ('renataflink', 'Z2V0E63Y6S1V', 'teacher');
INSERT INTO "user"(username, password, role) VALUES ('giselaberner', 'KROQR27FE7', 'teacher');
INSERT INTO "user"(username, password, role) VALUES ('patricianunmaker', '27LERNROEV5', 'teacher');
INSERT INTO "user"(username, password, role) VALUES ('duanemorris', '0IF7KXQPOL5E', 'teacher');
INSERT INTO "user"(username, password, role) VALUES ('johnnoriega', 'JXOO3LLY', 'teacher');
INSERT INTO "user"(username, password, role) VALUES ('robertacook', '2HNCRE5VJL67', 'teacher');
INSERT INTO "user"(username, password, role) VALUES ('sallybreeden', 'V5HT00TOZDO', 'teacher');
INSERT INTO "user"(username, password, role) VALUES ('francespergola', 'IELE3IAK', 'teacher');
INSERT INTO "user"(username, password, role) VALUES ('mikehernandez', '4H2PRBPNVBI', 'teacher');
INSERT INTO "user"(username, password, role) VALUES ('anthonycabrera', 'OXSUEXB7COFY', 'teacher');
INSERT INTO "user"(username, password, role) VALUES ('josephwaller', '46E2YINJKIHZ', 'teacher');
INSERT INTO "user"(username, password, role) VALUES ('marylongo', '4JLJ7GH53', 'teacher');
INSERT INTO "user"(username, password, role) VALUES ('bettyhuston', '5ZZIAU541F', 'teacher');
INSERT INTO "user"(username, password, role) VALUES ('sandrajohnson', '8Q299E0JD9CT', 'teacher');
INSERT INTO "user"(username, password, role) VALUES ('ameliahemming', 'Z8K174AX1', 'teacher');
INSERT INTO "user"(username, password, role) VALUES ('jacquelineodell', 'B2ROH7OH', 'teacher');
INSERT INTO "user"(username, password, role) VALUES ('williamaxelson', '7WE7BJBD', 'teacher');
INSERT INTO "user"(username, password, role) VALUES ('randycandelaria', '1PHMBH8JW', 'teacher');
INSERT INTO "user"(username, password, role) VALUES ('dianesheffield', '5LS0GM6T', 'teacher');
INSERT INTO "user"(username, password, role) VALUES ('marthastout', '9VKXY7NPOV79', 'teacher');
INSERT INTO "user"(username, password, role) VALUES ('omarammons', 'C4XXG9SB6UD', 'teacher');
INSERT INTO "user"(username, password, role) VALUES ('caroltucker', 'A770ZP8M6C09', 'teacher');
INSERT INTO "user"(username, password, role) VALUES ('adamabrams', '5MTCG35XTCPI', 'teacher');
INSERT INTO "user"(username, password, role) VALUES ('marybishop', '45WLAWSILC7Y', 'teacher');
INSERT INTO "user"(username, password, role) VALUES ('tarachirinos', 'H53JIVBUZSUE', 'teacher');
INSERT INTO "user"(username, password, role) VALUES ('johnschmid', '24HLSRGZ4TZ', 'teacher');
INSERT INTO "user"(username, password, role) VALUES ('sherrietebow', 'IO8BL3O8', 'teacher');
INSERT INTO "user"(username, password, role) VALUES ('nettiewashington', 'JM75VVVQMR0', 'teacher');
INSERT INTO "user"(username, password, role) VALUES ('florencegaliano', 'DX06QT53', 'teacher');
INSERT INTO "user"(username, password, role) VALUES ('janicegordon', 'CS9VR128', 'teacher');
INSERT INTO "user"(username, password, role) VALUES ('samkelly', 'ZFJ3PXZEWB5', 'teacher');
INSERT INTO "user"(username, password, role) VALUES ('paulahabbyshaw', 'SOBZVWW7N', 'teacher');
INSERT INTO "user"(username, password, role) VALUES ('victorlovingood', 'K93DPT9OXXS', 'teacher');
INSERT INTO "user"(username, password, role) VALUES ('katrinabowers', 'NZKZZOTC', 'teacher');
INSERT INTO "user"(username, password, role) VALUES ('douglashema', 'V4U38315', 'teacher');
INSERT INTO "user"(username, password, role) VALUES ('lisabitner', '7S8L3FSYEF', 'teacher');
INSERT INTO "user"(username, password, role) VALUES ('dorishinds', 'L4PM2ADG2', 'teacher');
INSERT INTO "user"(username, password, role) VALUES ('joannefelix', '7GZZ78JI', 'teacher');
INSERT INTO "user"(username, password, role) VALUES ('richardhyslop', 'ERK9JTWZ9AQ4', 'teacher');
INSERT INTO "user"(username, password, role) VALUES ('lavonnebrown', 'FCF5UYBA78Y6', 'teacher');
INSERT INTO "user"(username, password, role) VALUES ('esthercollman', 'MBSAZ2OEE9QQ', 'teacher');
INSERT INTO "user"(username, password, role) VALUES ('jaredmyers', '4OVGV6P0EA', 'teacher');
INSERT INTO "user"(username, password, role) VALUES ('jameswetmore', 'BVIHMQR8', 'teacher');
INSERT INTO "user"(username, password, role) VALUES ('zulagilreath', 'WGW9X716N', 'teacher');
INSERT INTO "user"(username, password, role) VALUES ('marieraymond', 'QGUS92MJ8', 'teacher');
INSERT INTO "user"(username, password, role) VALUES ('danielnelson', 'EMN2GJQ3QR', 'teacher');
INSERT INTO "user"(username, password, role) VALUES ('milliegarcia', 'FKZQA2ET6', 'teacher');
INSERT INTO "user"(username, password, role) VALUES ('yvettechen', 'LBFEQOTT', 'teacher');
INSERT INTO "user"(username, password, role) VALUES ('jessicathomas', 'EZ12XOOPK9H', 'teacher');
INSERT INTO "user"(username, password, role) VALUES ('laurielandes', 'P0C4OAH0SOX', 'teacher');
INSERT INTO "user"(username, password, role) VALUES ('julieurbina', '0BWZZBLT3', 'teacher');
INSERT INTO "user"(username, password, role) VALUES ('nicholasfreeman', 'B5PR5AHI', 'teacher');
INSERT INTO "user"(username, password, role) VALUES ('nolavarela', 'BRMDFZVR0PHQ', 'teacher');
INSERT INTO "user"(username, password, role) VALUES ('markfinkbeiner', 'AC86E15QP', 'teacher');
INSERT INTO "user"(username, password, role) VALUES ('kristenladay', 'KAH78KQKWJNC', 'teacher');
INSERT INTO "user"(username, password, role) VALUES ('jeromedenton', 'AJELUYOF6', 'teacher');
INSERT INTO "user"(username, password, role) VALUES ('roscoenewman', 'OA8ELQD91FV', 'teacher');
INSERT INTO "user"(username, password, role) VALUES ('justinajohnston', 'YA8YF7HIPQ', 'student');
INSERT INTO "user"(username, password, role) VALUES ('vanessamerten', 'HHYTBFEJNMU1', 'student');
INSERT INTO "user"(username, password, role) VALUES ('williamyoung', 'LSE3G2RW2J', 'student');
INSERT INTO "user"(username, password, role) VALUES ('pauljackson', 'GGVUXM0LD68U', 'student');
INSERT INTO "user"(username, password, role) VALUES ('dextermiller', 'UO5DI6TQIDE', 'student');
INSERT INTO "user"(username, password, role) VALUES ('margaretrecio', 'JP6TFX24PQN', 'student');
INSERT INTO "user"(username, password, role) VALUES ('darrelldevito', 'U9YQSZDPUE', 'student');
INSERT INTO "user"(username, password, role) VALUES ('eugeneanderson', 'KHPOD9JST2UH', 'student');
INSERT INTO "user"(username, password, role) VALUES ('dannyrico', '1A7QQERVB', 'student');
INSERT INTO "user"(username, password, role) VALUES ('gladysowens', 'YNE5E8UT9X', 'student');
INSERT INTO "user"(username, password, role) VALUES ('suzannetonner', 'E21ND5ZJ9E', 'student');
INSERT INTO "user"(username, password, role) VALUES ('susanstrobel', 'EF1OTYK9NJO1', 'student');
INSERT INTO "user"(username, password, role) VALUES ('stephanbrown', 'DS6F9Q2G6ZX', 'student');
INSERT INTO "user"(username, password, role) VALUES ('kimgilligan', 'MZ31LV14N', 'student');
INSERT INTO "user"(username, password, role) VALUES ('richardgray', 'V3VUR516', 'student');
INSERT INTO "user"(username, password, role) VALUES ('glenncerda', 'FEAVKMG2S', 'student');
INSERT INTO "user"(username, password, role) VALUES ('jacquelinebecerra', '8JV6CD4A3YW', 'student');
INSERT INTO "user"(username, password, role) VALUES ('carlossimoneau', 'R6B6Z4285', 'student');
INSERT INTO "user"(username, password, role) VALUES ('robertshepard', 'CIJB6BDLF', 'student');
INSERT INTO "user"(username, password, role) VALUES ('gailflatt', 'E1ZR1MUW2HRB', 'student');
INSERT INTO "user"(username, password, role) VALUES ('jimmyfitzsimmons', 'L4IQR2E6', 'student');
INSERT INTO "user"(username, password, role) VALUES ('lillianduffey', 'BGILAZBP', 'student');
INSERT INTO "user"(username, password, role) VALUES ('kerilugo', 'MBS8YSFDO', 'student');
INSERT INTO "user"(username, password, role) VALUES ('jamesjackson', '09KVRZCAPJ', 'student');
INSERT INTO "user"(username, password, role) VALUES ('carlosturner', 'SHVDM3K5', 'student');
INSERT INTO "user"(username, password, role) VALUES ('bethgallegos', 'MTREDT2V7Q', 'student');
INSERT INTO "user"(username, password, role) VALUES ('donnasmith', 'MJL76YZUIUEL', 'student');
INSERT INTO "user"(username, password, role) VALUES ('michaelhamrick', 'VI53NL4CT', 'student');
INSERT INTO "user"(username, password, role) VALUES ('frankbelden', 'EDY407HXWP', 'student');
INSERT INTO "user"(username, password, role) VALUES ('davidwestbrook', 'UMG7NJ8I', 'student');
INSERT INTO "user"(username, password, role) VALUES ('mauricemclean', 'J5JSF2OK3', 'student');
INSERT INTO "user"(username, password, role) VALUES ('karenbono', 'Z0Z9EBBYOZ', 'student');
INSERT INTO "user"(username, password, role) VALUES ('robertholman', 'AFRII8LKCOI', 'student');
INSERT INTO "user"(username, password, role) VALUES ('ellenmccoy', 'QY8TV8BSA1', 'student');
INSERT INTO "user"(username, password, role) VALUES ('eufemiasingh', 'WB462323N0UA', 'student');
INSERT INTO "user"(username, password, role) VALUES ('patriciacatano', 'AU6MKNXZV5Q5', 'student');
INSERT INTO "user"(username, password, role) VALUES ('wilfredgebhart', 'BYDBEYTP', 'student');
INSERT INTO "user"(username, password, role) VALUES ('gaylecleghorn', 'IC56YGLSW33W', 'student');
INSERT INTO "user"(username, password, role) VALUES ('anthonynasta', 'Q9WRNSQCC4RR', 'student');
INSERT INTO "user"(username, password, role) VALUES ('vaughnraphael', 'YNZC5Y0Z55F', 'student');
INSERT INTO "user"(username, password, role) VALUES ('fredmartin', 'XB7C61WT7', 'student');
INSERT INTO "user"(username, password, role) VALUES ('robertdansby', 'N3C3P37T5', 'student');
INSERT INTO "user"(username, password, role) VALUES ('barbaraharmon', '00ATTR5GDSF', 'student');
INSERT INTO "user"(username, password, role) VALUES ('pauldarling', 'NW147YVK4GJ', 'student');
INSERT INTO "user"(username, password, role) VALUES ('jameslashley', 'RV2P68DKEM0V', 'student');
INSERT INTO "user"(username, password, role) VALUES ('philliptorres', 'B5GMGSVX9', 'student');
INSERT INTO "user"(username, password, role) VALUES ('patriciadeluca', 'YYVH2JRP4', 'student');
INSERT INTO "user"(username, password, role) VALUES ('lisajohnson', 'ZD5Z6DYDLI', 'student');
INSERT INTO "user"(username, password, role) VALUES ('lindavorpahl', 'OOI5AQ22K2IN', 'student');
INSERT INTO "user"(username, password, role) VALUES ('gregoryrichardson', 'TPCT4IWDPBX9', 'student');
INSERT INTO "user"(username, password, role) VALUES ('charleswegener', 'OB0CSIBKBE', 'student');
INSERT INTO "user"(username, password, role) VALUES ('karivanderhorst', 'BMTTQ5ICJ1J', 'student');
INSERT INTO "user"(username, password, role) VALUES ('ericcarson', 'YBL1XKC6NV', 'student');
INSERT INTO "user"(username, password, role) VALUES ('ismaelcook', '4MWEJJCE3190', 'student');
INSERT INTO "user"(username, password, role) VALUES ('robertcarney', 'WIRKEC6TRKP', 'student');
INSERT INTO "user"(username, password, role) VALUES ('davidmills', 'VAA5N5N1', 'student');
INSERT INTO "user"(username, password, role) VALUES ('curtisleboeuf', 'XGRLNUVY', 'student');
INSERT INTO "user"(username, password, role) VALUES ('ashleyhernandez', 'MMDC2BMC', 'student');
INSERT INTO "user"(username, password, role) VALUES ('quintonbanks', 'R0QP3JSF', 'student');
INSERT INTO "user"(username, password, role) VALUES ('craigjaillet', '7JG91FW1', 'student');
INSERT INTO "user"(username, password, role) VALUES ('martinkelter', 'LBDAV3X3WZE', 'student');
INSERT INTO "user"(username, password, role) VALUES ('reginaldestrada', '7E5ZYEGNEIA', 'student');
INSERT INTO "user"(username, password, role) VALUES ('lelamendoza', 'J14KJDG6L', 'student');
INSERT INTO "user"(username, password, role) VALUES ('donnalarose', 'NNV82G1TOJZ', 'student');
INSERT INTO "user"(username, password, role) VALUES ('cherylmoore', 'O80VSKK3ZM', 'student');
INSERT INTO "user"(username, password, role) VALUES ('aurorapickett', 'X2P3WA2L', 'student');
INSERT INTO "user"(username, password, role) VALUES ('charlesbarrett', '8P8A6HQ7478', 'student');
INSERT INTO "user"(username, password, role) VALUES ('peggiewerner', 'UKLHH5VBVSX', 'student');
INSERT INTO "user"(username, password, role) VALUES ('suzannescarborough', '2M7C2650XBT', 'student');
INSERT INTO "user"(username, password, role) VALUES ('jesusbelair', 'OEYZXS7MPAWI', 'student');
INSERT INTO "user"(username, password, role) VALUES ('irenedeaton', 'CJM7Y66D3', 'student');
INSERT INTO "user"(username, password, role) VALUES ('charlesscobee', '0LZNABW5S', 'student');
INSERT INTO "user"(username, password, role) VALUES ('davidholmes', 'M64BMLGS', 'student');
INSERT INTO "user"(username, password, role) VALUES ('williamwilliams', '3C0JXX6QU', 'student');
INSERT INTO "user"(username, password, role) VALUES ('luisharper', 'HPBCGBBG', 'student');
INSERT INTO "user"(username, password, role) VALUES ('karlkerber', 'AWT9FGO13OYH', 'student');
INSERT INTO "user"(username, password, role) VALUES ('kevinwatts', 'R57E0719OLAF', 'student');
INSERT INTO "user"(username, password, role) VALUES ('rickyminihane', 'TIESWF8UEJ0', 'student');
INSERT INTO "user"(username, password, role) VALUES ('chadprice', 'UGS82C7J', 'student');
INSERT INTO "user"(username, password, role) VALUES ('toddrosas', 'U5D0SQ056G0R', 'student');
INSERT INTO "user"(username, password, role) VALUES ('amyabbott', '9D9TG30TCPPM', 'student');
INSERT INTO "user"(username, password, role) VALUES ('marjoriecochran', 'NGADTEQCJ3NK', 'student');
INSERT INTO "user"(username, password, role) VALUES ('robchiarini', '02T1VVBUQPC', 'student');
INSERT INTO "user"(username, password, role) VALUES ('patriciabirnbaum', 'F05ROGP9IKHA', 'student');
INSERT INTO "user"(username, password, role) VALUES ('elbertschwarz', 'LFIU3ZY7', 'student');
INSERT INTO "user"(username, password, role) VALUES ('daledye', 'RIFPAD9OPQQ', 'student');
INSERT INTO "user"(username, password, role) VALUES ('fredrickbrummett', 'DQUEG4TWT9P', 'student');
INSERT INTO "user"(username, password, role) VALUES ('russellparker', '49LIYAFRR1G', 'student');
INSERT INTO "user"(username, password, role) VALUES ('raymondjensen', 'RVILUAUO', 'student');
INSERT INTO "user"(username, password, role) VALUES ('rogerhutchinson', '2E724YZY5NV', 'student');
INSERT INTO "user"(username, password, role) VALUES ('tamihawk', 'N90R69O51', 'student');
INSERT INTO "user"(username, password, role) VALUES ('dianeshipps', 'QXTQVEWC5HQ', 'student');
INSERT INTO "user"(username, password, role) VALUES ('stanleyquintanilla', 'IHVGGJ7K', 'student');
INSERT INTO "user"(username, password, role) VALUES ('reneemartinez', '5BPLP2VP0B', 'student');
INSERT INTO "user"(username, password, role) VALUES ('johnboyd', 'T1PCBAY9', 'student');
INSERT INTO "user"(username, password, role) VALUES ('maxieoneill', 'WQH6WRHO0RH2', 'student');
INSERT INTO "user"(username, password, role) VALUES ('gerardyoung', 'GTIYV13BG3', 'student');
INSERT INTO "user"(username, password, role) VALUES ('agnesater', '4GBRELNTPQ', 'student');
INSERT INTO "user"(username, password, role) VALUES ('lisahaddad', 'VURAM94WY6', 'student');
INSERT INTO "user"(username, password, role) VALUES ('romawatson', '1SYRZITR0W', 'student');

INSERT INTO "user_data"(username, name, surname, email, phone_number, home_address, cnp) VALUES ('stacybuck', 'Stacy', 'Buck', 'stacybuck@yahoo.com', '4911897317', 'babcbgcgafff', '9896768762463');
INSERT INTO "user_data"(username, name, surname, email, phone_number, home_address, cnp) VALUES ('anthonyparson', 'Anthony', 'Parson', 'anthonyparson@yahoo.com', '5579314865', 'dsamzgpaqoejii', '2541141697344');
INSERT INTO "user_data"(username, name, surname, email, phone_number, home_address, cnp) VALUES ('christopherforshey', 'Christopher', 'Forshey', 'christopherforshey@yahoo.com', '9244818060', 'kjjxgthihv', '1476981079478');
INSERT INTO "user_data"(username, name, surname, email, phone_number, home_address, cnp) VALUES ('mariakinney', 'Maria', 'Kinney', 'mariakinney@yahoo.com', '1841336606', 'oszntjgoiijro', '3691664889555');
INSERT INTO "user_data"(username, name, surname, email, phone_number, home_address, cnp) VALUES ('reggiesantiago', 'Reggie', 'Santiago', 'reggiesantiago@yahoo.com', '2862567752', 'ptozzbqtyyn', '7684261981298');
INSERT INTO "user_data"(username, name, surname, email, phone_number, home_address, cnp) VALUES ('jesusitafisher', 'Jesusita', 'Fisher', 'jesusitafisher@yahoo.com', '9741714044', 'bmwfjwqylao', '7960502692103');
INSERT INTO "user_data"(username, name, surname, email, phone_number, home_address, cnp) VALUES ('carygelabert', 'Cary', 'Gelabert', 'carygelabert@yahoo.com', '4100669199', 'aqoryjdjcjaifl', '3457510314025');
INSERT INTO "user_data"(username, name, surname, email, phone_number, home_address, cnp) VALUES ('jamesbulmer', 'James', 'Bulmer', 'jamesbulmer@yahoo.com', '8865741595', 'rwuhygjlkkwl', '8523033347129');
INSERT INTO "user_data"(username, name, surname, email, phone_number, home_address, cnp) VALUES ('karenbeardsley', 'Karen', 'Beardsley', 'karenbeardsley@yahoo.com', '0921481563', 'kcjwlrfswwxvpwm', '1086000023782');
INSERT INTO "user_data"(username, name, surname, email, phone_number, home_address, cnp) VALUES ('soledadmassey', 'Soledad', 'Massey', 'soledadmassey@yahoo.com', '9507672420', 'rustwbsgjmpcae', '5243793977372');
INSERT INTO "user_data"(username, name, surname, email, phone_number, home_address, cnp) VALUES ('darlenemapes', 'Darlene', 'Mapes', 'darlenemapes@yahoo.com', '6354105814', 'ufakuoxekpqnig', '6012900601496');
INSERT INTO "user_data"(username, name, surname, email, phone_number, home_address, cnp) VALUES ('carolthibodaux', 'Carol', 'Thibodaux', 'carolthibodaux@yahoo.com', '3938617567', 'crkxcqxpmebpudx', '9389386386893');
INSERT INTO "user_data"(username, name, surname, email, phone_number, home_address, cnp) VALUES ('jonbrown', 'Jon', 'Brown', 'jonbrown@yahoo.com', '5941842346', 'dglpkavytlzabnm', '6031844415379');
INSERT INTO "user_data"(username, name, surname, email, phone_number, home_address, cnp) VALUES ('ronaldtiedeman', 'Ronald', 'Tiedeman', 'ronaldtiedeman@yahoo.com', '5185722040', 'mmsuaqzchnyb', '4856265738233');
INSERT INTO "user_data"(username, name, surname, email, phone_number, home_address, cnp) VALUES ('moiseschute', 'Moises', 'Chute', 'moiseschute@yahoo.com', '1275504031', 'wsrtgyqkfgiyqtp', '6710987403618');
INSERT INTO "user_data"(username, name, surname, email, phone_number, home_address, cnp) VALUES ('vivianbucker', 'Vivian', 'Bucker', 'vivianbucker@yahoo.com', '4640426892', 'asnvtqbqpiozf', '4132783766852');
INSERT INTO "user_data"(username, name, surname, email, phone_number, home_address, cnp) VALUES ('kyongschoderbek', 'Kyong', 'Schoderbek', 'kyongschoderbek@yahoo.com', '4790949759', 'ztejzlctmj', '1644264016409');
INSERT INTO "user_data"(username, name, surname, email, phone_number, home_address, cnp) VALUES ('joshuafitzpatrick', 'Joshua', 'Fitzpatrick', 'joshuafitzpatrick@yahoo.com', '5288234071', 'zmjesmklehxv', '3563260011661');
INSERT INTO "user_data"(username, name, surname, email, phone_number, home_address, cnp) VALUES ('gilbertvilleneuve', 'Gilbert', 'Villeneuve', 'gilbertvilleneuve@yahoo.com', '2595420614', 'jnuzvcyxxhqeb', '9756091898001');
INSERT INTO "user_data"(username, name, surname, email, phone_number, home_address, cnp) VALUES ('bradleymarino', 'Bradley', 'Marino', 'bradleymarino@yahoo.com', '6133342498', 'topyobxptgxkrni', '8962139047991');
INSERT INTO "user_data"(username, name, surname, email, phone_number, home_address, cnp) VALUES ('marcelladong', 'Marcella', 'Dong', 'marcelladong@yahoo.com', '6080998020', 'ekpbpjyqpsovk', '0075064774620');
INSERT INTO "user_data"(username, name, surname, email, phone_number, home_address, cnp) VALUES ('mistismolder', 'Misti', 'Smolder', 'mistismolder@yahoo.com', '5139992547', 'pbyoliwgikko', '1577167837671');
INSERT INTO "user_data"(username, name, surname, email, phone_number, home_address, cnp) VALUES ('jermaineharrington', 'Jermaine', 'Harrington', 'jermaineharrington@yahoo.com', '0348834282', 'whaijxhcflwclf', '8484026695017');
INSERT INTO "user_data"(username, name, surname, email, phone_number, home_address, cnp) VALUES ('janicealexander', 'Janice', 'Alexander', 'janicealexander@yahoo.com', '2178678913', 'flryfsgpsp', '0906979449039');
INSERT INTO "user_data"(username, name, surname, email, phone_number, home_address, cnp) VALUES ('michaelgookin', 'Michael', 'Gookin', 'michaelgookin@yahoo.com', '4930796313', 'gffsyswcjmqpd', '5056438824369');
INSERT INTO "user_data"(username, name, surname, email, phone_number, home_address, cnp) VALUES ('damoncook', 'Damon', 'Cook', 'damoncook@yahoo.com', '0273461486', 'xrveckpqme', '7484582363885');
INSERT INTO "user_data"(username, name, surname, email, phone_number, home_address, cnp) VALUES ('billymull', 'Billy', 'Mull', 'billymull@yahoo.com', '7020581661', 'zuupjwrkujqflku', '7414875484349');
INSERT INTO "user_data"(username, name, surname, email, phone_number, home_address, cnp) VALUES ('ashleyburnett', 'Ashley', 'Burnett', 'ashleyburnett@yahoo.com', '3600954356', 'lffzzxknptup', '1789423155957');
INSERT INTO "user_data"(username, name, surname, email, phone_number, home_address, cnp) VALUES ('lindaautry', 'Linda', 'Autry', 'lindaautry@yahoo.com', '7126323426', 'nqjgjrtthmc', '3912193292442');
INSERT INTO "user_data"(username, name, surname, email, phone_number, home_address, cnp) VALUES ('jamesgabbard', 'James', 'Gabbard', 'jamesgabbard@yahoo.com', '0556502199', 'viewrmthwn', '2115465907350');
INSERT INTO "user_data"(username, name, surname, email, phone_number, home_address, cnp) VALUES ('brandonhart', 'Brandon', 'Hart', 'brandonhart@yahoo.com', '8918312514', 'ysrrgdbldb', '4578944595144');
INSERT INTO "user_data"(username, name, surname, email, phone_number, home_address, cnp) VALUES ('jessesnider', 'Jesse', 'Snider', 'jessesnider@yahoo.com', '6540590777', 'tolhxrtfvfipy', '5749915933100');
INSERT INTO "user_data"(username, name, surname, email, phone_number, home_address, cnp) VALUES ('tonynailor', 'Tony', 'Nailor', 'tonynailor@yahoo.com', '5912717840', 'ecjrbogudplxz', '8910039780881');
INSERT INTO "user_data"(username, name, surname, email, phone_number, home_address, cnp) VALUES ('judymorgan', 'Judy', 'Morgan', 'judymorgan@yahoo.com', '4664443149', 'cihpihajneqjs', '5004852338040');
INSERT INTO "user_data"(username, name, surname, email, phone_number, home_address, cnp) VALUES ('marklindquist', 'Mark', 'Lindquist', 'marklindquist@yahoo.com', '4523335365', 'awydctzghen', '4328788035890');
INSERT INTO "user_data"(username, name, surname, email, phone_number, home_address, cnp) VALUES ('jamesbrooks', 'James', 'Brooks', 'jamesbrooks@yahoo.com', '3716080468', 'lkrcfulciusza', '0905787218771');
INSERT INTO "user_data"(username, name, surname, email, phone_number, home_address, cnp) VALUES ('robertford', 'Robert', 'Ford', 'robertford@yahoo.com', '0746381872', 'hchlhuifpjgkb', '3073620756322');
INSERT INTO "user_data"(username, name, surname, email, phone_number, home_address, cnp) VALUES ('barbaramitchell', 'Barbara', 'Mitchell', 'barbaramitchell@yahoo.com', '4900375572', 'fajydconqoqcvv', '8698488786365');
INSERT INTO "user_data"(username, name, surname, email, phone_number, home_address, cnp) VALUES ('eliasrobbins', 'Elias', 'Robbins', 'eliasrobbins@yahoo.com', '4737791777', 'wkoxjevgxogigff', '1349629341020');
INSERT INTO "user_data"(username, name, surname, email, phone_number, home_address, cnp) VALUES ('hectorknowles', 'Hector', 'Knowles', 'hectorknowles@yahoo.com', '2647035363', 'dlgzxgopvhhirfl', '8547692314726');
INSERT INTO "user_data"(username, name, surname, email, phone_number, home_address, cnp) VALUES ('christielee', 'Christie', 'Lee', 'christielee@yahoo.com', '8906549865', 'nfgkvqfziu', '3054932540117');
INSERT INTO "user_data"(username, name, surname, email, phone_number, home_address, cnp) VALUES ('christinelott', 'Christine', 'Lott', 'christinelott@yahoo.com', '6413108327', 'xmzhninhiu', '7017213135843');
INSERT INTO "user_data"(username, name, surname, email, phone_number, home_address, cnp) VALUES ('francesjohnson', 'Frances', 'Johnson', 'francesjohnson@yahoo.com', '4157398566', 'pwtsacnpmwexdh', '2397836027949');
INSERT INTO "user_data"(username, name, surname, email, phone_number, home_address, cnp) VALUES ('renataflink', 'Renata', 'Flink', 'renataflink@yahoo.com', '1578148399', 'wcifnxyttorpffg', '5676126059148');
INSERT INTO "user_data"(username, name, surname, email, phone_number, home_address, cnp) VALUES ('giselaberner', 'Gisela', 'Berner', 'giselaberner@yahoo.com', '4273954865', 'kxygtmhngl', '1332899147298');
INSERT INTO "user_data"(username, name, surname, email, phone_number, home_address, cnp) VALUES ('patricianunmaker', 'Patricia', 'Nunmaker', 'patricianunmaker@yahoo.com', '0878756816', 'eyuzwnpdlfyjytk', '3124115930763');
INSERT INTO "user_data"(username, name, surname, email, phone_number, home_address, cnp) VALUES ('duanemorris', 'Duane', 'Morris', 'duanemorris@yahoo.com', '6777394330', 'govoeqiebmjgif', '4745024548129');
INSERT INTO "user_data"(username, name, surname, email, phone_number, home_address, cnp) VALUES ('johnnoriega', 'John', 'Noriega', 'johnnoriega@yahoo.com', '7674219955', 'rlsljosfsusqk', '4080436354673');
INSERT INTO "user_data"(username, name, surname, email, phone_number, home_address, cnp) VALUES ('robertacook', 'Roberta', 'Cook', 'robertacook@yahoo.com', '3069234442', 'npzgfovxqtg', '7580391914687');
INSERT INTO "user_data"(username, name, surname, email, phone_number, home_address, cnp) VALUES ('sallybreeden', 'Sally', 'Breeden', 'sallybreeden@yahoo.com', '7883440721', 'uqrhdbkdbhkfyi', '7232117579561');
INSERT INTO "user_data"(username, name, surname, email, phone_number, home_address, cnp) VALUES ('francespergola', 'Frances', 'Pergola', 'francespergola@yahoo.com', '3752658474', 'ciutyjpddgftfet', '6769596812507');
INSERT INTO "user_data"(username, name, surname, email, phone_number, home_address, cnp) VALUES ('mikehernandez', 'Mike', 'Hernandez', 'mikehernandez@yahoo.com', '2364765923', 'ciswkofceab', '4870507853078');
INSERT INTO "user_data"(username, name, surname, email, phone_number, home_address, cnp) VALUES ('anthonycabrera', 'Anthony', 'Cabrera', 'anthonycabrera@yahoo.com', '0952981754', 'pjqsvflarfyfwqb', '1524925206151');
INSERT INTO "user_data"(username, name, surname, email, phone_number, home_address, cnp) VALUES ('josephwaller', 'Joseph', 'Waller', 'josephwaller@yahoo.com', '5705874042', 'hmxwcxwopsbj', '3626122424197');
INSERT INTO "user_data"(username, name, surname, email, phone_number, home_address, cnp) VALUES ('marylongo', 'Mary', 'Longo', 'marylongo@yahoo.com', '9730503828', 'emdixkxddus', '1471381796181');
INSERT INTO "user_data"(username, name, surname, email, phone_number, home_address, cnp) VALUES ('bettyhuston', 'Betty', 'Huston', 'bettyhuston@yahoo.com', '8843320275', 'ltnxsmhyxvm', '9076419265463');
INSERT INTO "user_data"(username, name, surname, email, phone_number, home_address, cnp) VALUES ('sandrajohnson', 'Sandra', 'Johnson', 'sandrajohnson@yahoo.com', '8876934883', 'tvkbtnurtshbpe', '6764413303550');
INSERT INTO "user_data"(username, name, surname, email, phone_number, home_address, cnp) VALUES ('ameliahemming', 'Amelia', 'Hemming', 'ameliahemming@yahoo.com', '0482903934', 'rwazjsqhkh', '8959601702690');
INSERT INTO "user_data"(username, name, surname, email, phone_number, home_address, cnp) VALUES ('jacquelineodell', 'Jacqueline', 'Odell', 'jacquelineodell@yahoo.com', '2305093211', 'okhtgcbbgacz', '0905961046300');
INSERT INTO "user_data"(username, name, surname, email, phone_number, home_address, cnp) VALUES ('williamaxelson', 'William', 'Axelson', 'williamaxelson@yahoo.com', '0835096182', 'ggrkmvnwzmck', '2842288278066');
INSERT INTO "user_data"(username, name, surname, email, phone_number, home_address, cnp) VALUES ('randycandelaria', 'Randy', 'Candelaria', 'randycandelaria@yahoo.com', '9255005714', 'hnzewmvpyhh', '4718324579322');
INSERT INTO "user_data"(username, name, surname, email, phone_number, home_address, cnp) VALUES ('dianesheffield', 'Diane', 'Sheffield', 'dianesheffield@yahoo.com', '8076408495', 'odhreajamx', '4760053923512');
INSERT INTO "user_data"(username, name, surname, email, phone_number, home_address, cnp) VALUES ('marthastout', 'Martha', 'Stout', 'marthastout@yahoo.com', '5618398878', 'uapcghjpcbdpmq', '0578056830887');
INSERT INTO "user_data"(username, name, surname, email, phone_number, home_address, cnp) VALUES ('omarammons', 'Omar', 'Ammons', 'omarammons@yahoo.com', '5714483410', 'pyphxzfrscqp', '9964535266825');
INSERT INTO "user_data"(username, name, surname, email, phone_number, home_address, cnp) VALUES ('caroltucker', 'Carol', 'Tucker', 'caroltucker@yahoo.com', '2000834288', 'ahsadlxayt', '8139217869722');
INSERT INTO "user_data"(username, name, surname, email, phone_number, home_address, cnp) VALUES ('adamabrams', 'Adam', 'Abrams', 'adamabrams@yahoo.com', '0953356191', 'qcfkxhhookvlfje', '8134946350125');
INSERT INTO "user_data"(username, name, surname, email, phone_number, home_address, cnp) VALUES ('marybishop', 'Mary', 'Bishop', 'marybishop@yahoo.com', '1606872806', 'pdxhvbbcovbqaiu', '5774935617755');
INSERT INTO "user_data"(username, name, surname, email, phone_number, home_address, cnp) VALUES ('tarachirinos', 'Tara', 'Chirinos', 'tarachirinos@yahoo.com', '7681457074', 'lvpybbzngwj', '4913102981931');
INSERT INTO "user_data"(username, name, surname, email, phone_number, home_address, cnp) VALUES ('johnschmid', 'John', 'Schmid', 'johnschmid@yahoo.com', '5044075037', 'zlfrgwbcukn', '0944290191173');
INSERT INTO "user_data"(username, name, surname, email, phone_number, home_address, cnp) VALUES ('sherrietebow', 'Sherrie', 'Tebow', 'sherrietebow@yahoo.com', '7680882976', 'rrlraknwjyioma', '8807022349456');
INSERT INTO "user_data"(username, name, surname, email, phone_number, home_address, cnp) VALUES ('nettiewashington', 'Nettie', 'Washington', 'nettiewashington@yahoo.com', '2808722906', 'xmdkganpznbt', '6585593750809');
INSERT INTO "user_data"(username, name, surname, email, phone_number, home_address, cnp) VALUES ('florencegaliano', 'Florence', 'Galiano', 'florencegaliano@yahoo.com', '5721983734', 'yfvftiwmvzh', '1598209447893');
INSERT INTO "user_data"(username, name, surname, email, phone_number, home_address, cnp) VALUES ('janicegordon', 'Janice', 'Gordon', 'janicegordon@yahoo.com', '0071735014', 'yciecmyrpjqemzn', '4402628617853');
INSERT INTO "user_data"(username, name, surname, email, phone_number, home_address, cnp) VALUES ('samkelly', 'Sam', 'Kelly', 'samkelly@yahoo.com', '8057264977', 'quwgtnbcnd', '8907130768555');
INSERT INTO "user_data"(username, name, surname, email, phone_number, home_address, cnp) VALUES ('paulahabbyshaw', 'Paula', 'Habbyshaw', 'paulahabbyshaw@yahoo.com', '8801951782', 'jbfxaujvvyryiok', '3121809319474');
INSERT INTO "user_data"(username, name, surname, email, phone_number, home_address, cnp) VALUES ('victorlovingood', 'Victor', 'Lovingood', 'victorlovingood@yahoo.com', '1875739094', 'omguckdhjmhnfpv', '5542616368942');
INSERT INTO "user_data"(username, name, surname, email, phone_number, home_address, cnp) VALUES ('katrinabowers', 'Katrina', 'Bowers', 'katrinabowers@yahoo.com', '2849952135', 'qglgwcngixac', '4330693117753');
INSERT INTO "user_data"(username, name, surname, email, phone_number, home_address, cnp) VALUES ('douglashema', 'Douglas', 'Hema', 'douglashema@yahoo.com', '2198647841', 'znvegemsbogdsg', '5533171042311');
INSERT INTO "user_data"(username, name, surname, email, phone_number, home_address, cnp) VALUES ('lisabitner', 'Lisa', 'Bitner', 'lisabitner@yahoo.com', '2175492614', 'qhyyawenlv', '1452628842049');
INSERT INTO "user_data"(username, name, surname, email, phone_number, home_address, cnp) VALUES ('dorishinds', 'Doris', 'Hinds', 'dorishinds@yahoo.com', '2351119408', 'pskfeogcwaimzg', '7609310904269');
INSERT INTO "user_data"(username, name, surname, email, phone_number, home_address, cnp) VALUES ('joannefelix', 'Joanne', 'Felix', 'joannefelix@yahoo.com', '7204299346', 'niclfiaoowtkb', '7218422994354');
INSERT INTO "user_data"(username, name, surname, email, phone_number, home_address, cnp) VALUES ('richardhyslop', 'Richard', 'Hyslop', 'richardhyslop@yahoo.com', '2310855838', 'tpwgmkbrvwcgihd', '3999012082033');
INSERT INTO "user_data"(username, name, surname, email, phone_number, home_address, cnp) VALUES ('lavonnebrown', 'Lavonne', 'Brown', 'lavonnebrown@yahoo.com', '2986142525', 'nxmrnqsxnhbvyd', '9681367017715');
INSERT INTO "user_data"(username, name, surname, email, phone_number, home_address, cnp) VALUES ('esthercollman', 'Esther', 'Collman', 'esthercollman@yahoo.com', '2734174835', 'mcrnarlbklwha', '6178187361994');
INSERT INTO "user_data"(username, name, surname, email, phone_number, home_address, cnp) VALUES ('jaredmyers', 'Jared', 'Myers', 'jaredmyers@yahoo.com', '5114277880', 'upozugcccepqc', '1253091958527');
INSERT INTO "user_data"(username, name, surname, email, phone_number, home_address, cnp) VALUES ('jameswetmore', 'James', 'Wetmore', 'jameswetmore@yahoo.com', '6527572625', 'rthswkuokbnuh', '8246222517145');
INSERT INTO "user_data"(username, name, surname, email, phone_number, home_address, cnp) VALUES ('zulagilreath', 'Zula', 'Gilreath', 'zulagilreath@yahoo.com', '6062617052', 'etwuaqptmiamx', '5098698712974');
INSERT INTO "user_data"(username, name, surname, email, phone_number, home_address, cnp) VALUES ('marieraymond', 'Marie', 'Raymond', 'marieraymond@yahoo.com', '8717318532', 'fkaxhorpalvpa', '5528830893510');
INSERT INTO "user_data"(username, name, surname, email, phone_number, home_address, cnp) VALUES ('danielnelson', 'Daniel', 'Nelson', 'danielnelson@yahoo.com', '6644712556', 'rwjpfusmrwqsifa', '8325270764759');
INSERT INTO "user_data"(username, name, surname, email, phone_number, home_address, cnp) VALUES ('milliegarcia', 'Millie', 'Garcia', 'milliegarcia@yahoo.com', '8286801425', 'jqhgnisreyad', '5161389810153');
INSERT INTO "user_data"(username, name, surname, email, phone_number, home_address, cnp) VALUES ('yvettechen', 'Yvette', 'Chen', 'yvettechen@yahoo.com', '0489206319', 'rllzevavyxv', '8485863891451');
INSERT INTO "user_data"(username, name, surname, email, phone_number, home_address, cnp) VALUES ('jessicathomas', 'Jessica', 'Thomas', 'jessicathomas@yahoo.com', '5798078428', 'uhgfkocgfjmsogx', '6757586699300');
INSERT INTO "user_data"(username, name, surname, email, phone_number, home_address, cnp) VALUES ('laurielandes', 'Laurie', 'Landes', 'laurielandes@yahoo.com', '2456190771', 'gjyujvznurfyf', '6261113340592');
INSERT INTO "user_data"(username, name, surname, email, phone_number, home_address, cnp) VALUES ('julieurbina', 'Julie', 'Urbina', 'julieurbina@yahoo.com', '5652418128', 'uhmqizirdrpual', '9590133466518');
INSERT INTO "user_data"(username, name, surname, email, phone_number, home_address, cnp) VALUES ('nicholasfreeman', 'Nicholas', 'Freeman', 'nicholasfreeman@yahoo.com', '5685305931', 'fwaxmjqfwploa', '1559512278779');
INSERT INTO "user_data"(username, name, surname, email, phone_number, home_address, cnp) VALUES ('nolavarela', 'Nola', 'Varela', 'nolavarela@yahoo.com', '5170124606', 'gdjdjgkdojabdc', '3686369143323');
INSERT INTO "user_data"(username, name, surname, email, phone_number, home_address, cnp) VALUES ('markfinkbeiner', 'Mark', 'Finkbeiner', 'markfinkbeiner@yahoo.com', '7433421168', 'jkalbvcsdb', '3648428365758');
INSERT INTO "user_data"(username, name, surname, email, phone_number, home_address, cnp) VALUES ('kristenladay', 'Kristen', 'Laday', 'kristenladay@yahoo.com', '4143005303', 'racajvejpdrtm', '4443314733306');
INSERT INTO "user_data"(username, name, surname, email, phone_number, home_address, cnp) VALUES ('jeromedenton', 'Jerome', 'Denton', 'jeromedenton@yahoo.com', '0253470829', 'dantxbcvrn', '2418641490766');
INSERT INTO "user_data"(username, name, surname, email, phone_number, home_address, cnp) VALUES ('roscoenewman', 'Roscoe', 'Newman', 'roscoenewman@yahoo.com', '9551839662', 'dlepzicffxq', '2387161325324');
INSERT INTO "user_data"(username, name, surname, email, phone_number, home_address, cnp) VALUES ('justinajohnston', 'Justina', 'Johnston', 'justinajohnston@yahoo.com', '1941430291', 'sxlgtefdizpnl', '4037531680870');
INSERT INTO "user_data"(username, name, surname, email, phone_number, home_address, cnp) VALUES ('vanessamerten', 'Vanessa', 'Merten', 'vanessamerten@yahoo.com', '8224033631', 'yprazyxkzesyg', '0212063548696');
INSERT INTO "user_data"(username, name, surname, email, phone_number, home_address, cnp) VALUES ('williamyoung', 'William', 'Young', 'williamyoung@yahoo.com', '3686467710', 'uabvyvymynptrj', '4694046073934');
INSERT INTO "user_data"(username, name, surname, email, phone_number, home_address, cnp) VALUES ('pauljackson', 'Paul', 'Jackson', 'pauljackson@yahoo.com', '0218723810', 'dhljtockktnt', '7320509215714');
INSERT INTO "user_data"(username, name, surname, email, phone_number, home_address, cnp) VALUES ('dextermiller', 'Dexter', 'Miller', 'dextermiller@yahoo.com', '8916734345', 'vwjhjwxuzk', '4730945997566');
INSERT INTO "user_data"(username, name, surname, email, phone_number, home_address, cnp) VALUES ('margaretrecio', 'Margaret', 'Recio', 'margaretrecio@yahoo.com', '4084408425', 'jebqnmczzkujok', '5555522467224');
INSERT INTO "user_data"(username, name, surname, email, phone_number, home_address, cnp) VALUES ('darrelldevito', 'Darrell', 'Devito', 'darrelldevito@yahoo.com', '8300400024', 'xyrlypdgckpkde', '6497997210493');
INSERT INTO "user_data"(username, name, surname, email, phone_number, home_address, cnp) VALUES ('eugeneanderson', 'Eugene', 'Anderson', 'eugeneanderson@yahoo.com', '8864571732', 'vzxjdelasubbm', '2194521428729');
INSERT INTO "user_data"(username, name, surname, email, phone_number, home_address, cnp) VALUES ('dannyrico', 'Danny', 'Rico', 'dannyrico@yahoo.com', '9719992684', 'rghbqqkryszrnp', '6659490947677');
INSERT INTO "user_data"(username, name, surname, email, phone_number, home_address, cnp) VALUES ('gladysowens', 'Gladys', 'Owens', 'gladysowens@yahoo.com', '4588527492', 'letinpgmzvisko', '2628062377838');
INSERT INTO "user_data"(username, name, surname, email, phone_number, home_address, cnp) VALUES ('suzannetonner', 'Suzanne', 'Tonner', 'suzannetonner@yahoo.com', '5953526639', 'pxgrdrsixep', '8158291250181');
INSERT INTO "user_data"(username, name, surname, email, phone_number, home_address, cnp) VALUES ('susanstrobel', 'Susan', 'Strobel', 'susanstrobel@yahoo.com', '5749924119', 'qquwayvcxg', '5840588730214');
INSERT INTO "user_data"(username, name, surname, email, phone_number, home_address, cnp) VALUES ('stephanbrown', 'Stephan', 'Brown', 'stephanbrown@yahoo.com', '8633838405', 'louvffydnzqz', '1174097398522');
INSERT INTO "user_data"(username, name, surname, email, phone_number, home_address, cnp) VALUES ('kimgilligan', 'Kim', 'Gilligan', 'kimgilligan@yahoo.com', '7231245388', 'ujrccxdhvw', '8017894169602');
INSERT INTO "user_data"(username, name, surname, email, phone_number, home_address, cnp) VALUES ('richardgray', 'Richard', 'Gray', 'richardgray@yahoo.com', '9646130626', 'xxkfaqeottq', '8883288666644');
INSERT INTO "user_data"(username, name, surname, email, phone_number, home_address, cnp) VALUES ('glenncerda', 'Glenn', 'Cerda', 'glenncerda@yahoo.com', '2221166864', 'qqihnkoglepwip', '5492653533095');
INSERT INTO "user_data"(username, name, surname, email, phone_number, home_address, cnp) VALUES ('jacquelinebecerra', 'Jacqueline', 'Becerra', 'jacquelinebecerra@yahoo.com', '8327104712', 'gmjdaiaexcqjuy', '2014791127806');
INSERT INTO "user_data"(username, name, surname, email, phone_number, home_address, cnp) VALUES ('carlossimoneau', 'Carlos', 'Simoneau', 'carlossimoneau@yahoo.com', '7162566827', 'vgtlecxryzkluia', '5799762202402');
INSERT INTO "user_data"(username, name, surname, email, phone_number, home_address, cnp) VALUES ('robertshepard', 'Robert', 'Shepard', 'robertshepard@yahoo.com', '2184435472', 'qjhhsijacekp', '9646535859156');
INSERT INTO "user_data"(username, name, surname, email, phone_number, home_address, cnp) VALUES ('gailflatt', 'Gail', 'Flatt', 'gailflatt@yahoo.com', '5698500087', 'gpipahcmve', '0672974601941');
INSERT INTO "user_data"(username, name, surname, email, phone_number, home_address, cnp) VALUES ('jimmyfitzsimmons', 'Jimmy', 'Fitzsimmons', 'jimmyfitzsimmons@yahoo.com', '3497783916', 'padzrvvqmapjo', '7678504269241');
INSERT INTO "user_data"(username, name, surname, email, phone_number, home_address, cnp) VALUES ('lillianduffey', 'Lillian', 'Duffey', 'lillianduffey@yahoo.com', '4814591738', 'tuvpogbqjracva', '7842896022896');
INSERT INTO "user_data"(username, name, surname, email, phone_number, home_address, cnp) VALUES ('kerilugo', 'Keri', 'Lugo', 'kerilugo@yahoo.com', '9839665783', 'vsaamzmoufurd', '3147835938884');
INSERT INTO "user_data"(username, name, surname, email, phone_number, home_address, cnp) VALUES ('jamesjackson', 'James', 'Jackson', 'jamesjackson@yahoo.com', '5941575050', 'oqiptulmzgs', '2644470601474');
INSERT INTO "user_data"(username, name, surname, email, phone_number, home_address, cnp) VALUES ('carlosturner', 'Carlos', 'Turner', 'carlosturner@yahoo.com', '2522766636', 'hsafaovosfyu', '8574379557375');
INSERT INTO "user_data"(username, name, surname, email, phone_number, home_address, cnp) VALUES ('bethgallegos', 'Beth', 'Gallegos', 'bethgallegos@yahoo.com', '1395948571', 'tkfuqzvxktoeynu', '9381339396261');
INSERT INTO "user_data"(username, name, surname, email, phone_number, home_address, cnp) VALUES ('donnasmith', 'Donna', 'Smith', 'donnasmith@yahoo.com', '1252917242', 'zpqoritsslbd', '2956558604737');
INSERT INTO "user_data"(username, name, surname, email, phone_number, home_address, cnp) VALUES ('michaelhamrick', 'Michael', 'Hamrick', 'michaelhamrick@yahoo.com', '9359857373', 'cmxcgqbftvkpkul', '3460605757689');
INSERT INTO "user_data"(username, name, surname, email, phone_number, home_address, cnp) VALUES ('frankbelden', 'Frank', 'Belden', 'frankbelden@yahoo.com', '8877006372', 'rvrjhforlkca', '6190317127682');
INSERT INTO "user_data"(username, name, surname, email, phone_number, home_address, cnp) VALUES ('davidwestbrook', 'David', 'Westbrook', 'davidwestbrook@yahoo.com', '7783703610', 'mldisvuecuvmccf', '2698685882903');
INSERT INTO "user_data"(username, name, surname, email, phone_number, home_address, cnp) VALUES ('mauricemclean', 'Maurice', 'Mclean', 'mauricemclean@yahoo.com', '0314200077', 'jixopophvivskxl', '2250414523710');
INSERT INTO "user_data"(username, name, surname, email, phone_number, home_address, cnp) VALUES ('karenbono', 'Karen', 'Bono', 'karenbono@yahoo.com', '8341954157', 'tyhkqdbkfjyldh', '2107117847649');
INSERT INTO "user_data"(username, name, surname, email, phone_number, home_address, cnp) VALUES ('robertholman', 'Robert', 'Holman', 'robertholman@yahoo.com', '5570413792', 'pksfonbsun', '3616012272805');
INSERT INTO "user_data"(username, name, surname, email, phone_number, home_address, cnp) VALUES ('ellenmccoy', 'Ellen', 'Mccoy', 'ellenmccoy@yahoo.com', '7865876409', 'ofabzyaptxkybmj', '2950147248414');
INSERT INTO "user_data"(username, name, surname, email, phone_number, home_address, cnp) VALUES ('eufemiasingh', 'Eufemia', 'Singh', 'eufemiasingh@yahoo.com', '1256843485', 'wthorovupdclck', '4049044802755');
INSERT INTO "user_data"(username, name, surname, email, phone_number, home_address, cnp) VALUES ('patriciacatano', 'Patricia', 'Catano', 'patriciacatano@yahoo.com', '1045305000', 'mbjnrqklkzowxqt', '9237443698696');
INSERT INTO "user_data"(username, name, surname, email, phone_number, home_address, cnp) VALUES ('wilfredgebhart', 'Wilfred', 'Gebhart', 'wilfredgebhart@yahoo.com', '0591631272', 'icdvdqyhwrvageq', '3002886936716');
INSERT INTO "user_data"(username, name, surname, email, phone_number, home_address, cnp) VALUES ('gaylecleghorn', 'Gayle', 'Cleghorn', 'gaylecleghorn@yahoo.com', '2226573274', 'yntmljqhjbhnmil', '7475054467202');
INSERT INTO "user_data"(username, name, surname, email, phone_number, home_address, cnp) VALUES ('anthonynasta', 'Anthony', 'Nasta', 'anthonynasta@yahoo.com', '5531828663', 'znakcgpqkogl', '5379361024465');
INSERT INTO "user_data"(username, name, surname, email, phone_number, home_address, cnp) VALUES ('vaughnraphael', 'Vaughn', 'Raphael', 'vaughnraphael@yahoo.com', '6988128546', 'jkenibmnpv', '3458597489021');
INSERT INTO "user_data"(username, name, surname, email, phone_number, home_address, cnp) VALUES ('fredmartin', 'Fred', 'Martin', 'fredmartin@yahoo.com', '3160162013', 'ixuirvrkhb', '7474857424885');
INSERT INTO "user_data"(username, name, surname, email, phone_number, home_address, cnp) VALUES ('robertdansby', 'Robert', 'Dansby', 'robertdansby@yahoo.com', '4739107980', 'wyiyfpijfh', '7247100588418');
INSERT INTO "user_data"(username, name, surname, email, phone_number, home_address, cnp) VALUES ('barbaraharmon', 'Barbara', 'Harmon', 'barbaraharmon@yahoo.com', '5965991767', 'tcvsbdxylymjiw', '6744764968110');
INSERT INTO "user_data"(username, name, surname, email, phone_number, home_address, cnp) VALUES ('pauldarling', 'Paul', 'Darling', 'pauldarling@yahoo.com', '6389060549', 'ymmyufzsfknqyog', '8594303873624');
INSERT INTO "user_data"(username, name, surname, email, phone_number, home_address, cnp) VALUES ('jameslashley', 'James', 'Lashley', 'jameslashley@yahoo.com', '7376307287', 'lylqmhqoiw', '6725033064976');
INSERT INTO "user_data"(username, name, surname, email, phone_number, home_address, cnp) VALUES ('philliptorres', 'Phillip', 'Torres', 'philliptorres@yahoo.com', '9158754957', 'qhslilmterskj', '8442068729193');
INSERT INTO "user_data"(username, name, surname, email, phone_number, home_address, cnp) VALUES ('patriciadeluca', 'Patricia', 'Deluca', 'patriciadeluca@yahoo.com', '5268851703', 'ydigioeskmz', '6817761884893');
INSERT INTO "user_data"(username, name, surname, email, phone_number, home_address, cnp) VALUES ('lisajohnson', 'Lisa', 'Johnson', 'lisajohnson@yahoo.com', '4497992141', 'ofxtqgzexu', '3943665965694');
INSERT INTO "user_data"(username, name, surname, email, phone_number, home_address, cnp) VALUES ('lindavorpahl', 'Linda', 'Vorpahl', 'lindavorpahl@yahoo.com', '5691265709', 'yjjjaifdfzvi', '0435160636962');
INSERT INTO "user_data"(username, name, surname, email, phone_number, home_address, cnp) VALUES ('gregoryrichardson', 'Gregory', 'Richardson', 'gregoryrichardson@yahoo.com', '7878822770', 'siammwpelvzfo', '6452250413063');
INSERT INTO "user_data"(username, name, surname, email, phone_number, home_address, cnp) VALUES ('charleswegener', 'Charles', 'Wegener', 'charleswegener@yahoo.com', '9974198501', 'pupomntilla', '0113323111448');
INSERT INTO "user_data"(username, name, surname, email, phone_number, home_address, cnp) VALUES ('karivanderhorst', 'Kari', 'Vanderhorst', 'karivanderhorst@yahoo.com', '6161847676', 'rgigsrzeivsae', '6250196263089');
INSERT INTO "user_data"(username, name, surname, email, phone_number, home_address, cnp) VALUES ('ericcarson', 'Eric', 'Carson', 'ericcarson@yahoo.com', '0429173642', 'wzpdlgonwzleslc', '6260200462112');
INSERT INTO "user_data"(username, name, surname, email, phone_number, home_address, cnp) VALUES ('ismaelcook', 'Ismael', 'Cook', 'ismaelcook@yahoo.com', '9233300951', 'nmhmnzcrmzar', '6137668141699');
INSERT INTO "user_data"(username, name, surname, email, phone_number, home_address, cnp) VALUES ('robertcarney', 'Robert', 'Carney', 'robertcarney@yahoo.com', '3204122645', 'pkriozhofg', '3271124192102');
INSERT INTO "user_data"(username, name, surname, email, phone_number, home_address, cnp) VALUES ('davidmills', 'David', 'Mills', 'davidmills@yahoo.com', '6288020226', 'pvzdxxriirqer', '9454680208848');
INSERT INTO "user_data"(username, name, surname, email, phone_number, home_address, cnp) VALUES ('curtisleboeuf', 'Curtis', 'Leboeuf', 'curtisleboeuf@yahoo.com', '8036922335', 'mpzwerzwtoiiyid', '6000045268134');
INSERT INTO "user_data"(username, name, surname, email, phone_number, home_address, cnp) VALUES ('ashleyhernandez', 'Ashley', 'Hernandez', 'ashleyhernandez@yahoo.com', '6138892738', 'wzaababsyqwbmgb', '9128378926798');
INSERT INTO "user_data"(username, name, surname, email, phone_number, home_address, cnp) VALUES ('quintonbanks', 'Quinton', 'Banks', 'quintonbanks@yahoo.com', '0845926239', 'aoqgfhrmftz', '2172601054286');
INSERT INTO "user_data"(username, name, surname, email, phone_number, home_address, cnp) VALUES ('craigjaillet', 'Craig', 'Jaillet', 'craigjaillet@yahoo.com', '5510623334', 'ofmetwfccn', '1164894250578');
INSERT INTO "user_data"(username, name, surname, email, phone_number, home_address, cnp) VALUES ('martinkelter', 'Martin', 'Kelter', 'martinkelter@yahoo.com', '9415311077', 'pvcdfxcazi', '7639903197912');
INSERT INTO "user_data"(username, name, surname, email, phone_number, home_address, cnp) VALUES ('reginaldestrada', 'Reginald', 'Estrada', 'reginaldestrada@yahoo.com', '0740010588', 'gtspvdjflccbdi', '8338428317723');
INSERT INTO "user_data"(username, name, surname, email, phone_number, home_address, cnp) VALUES ('lelamendoza', 'Lela', 'Mendoza', 'lelamendoza@yahoo.com', '3523470291', 'zwhrlzpqkt', '8185843281927');
INSERT INTO "user_data"(username, name, surname, email, phone_number, home_address, cnp) VALUES ('donnalarose', 'Donna', 'Larose', 'donnalarose@yahoo.com', '3149498925', 'hjhbrjgxkxax', '4535195615518');
INSERT INTO "user_data"(username, name, surname, email, phone_number, home_address, cnp) VALUES ('cherylmoore', 'Cheryl', 'Moore', 'cherylmoore@yahoo.com', '1675921937', 'jcwreyrxinhxpjs', '8224715461831');
INSERT INTO "user_data"(username, name, surname, email, phone_number, home_address, cnp) VALUES ('aurorapickett', 'Aurora', 'Pickett', 'aurorapickett@yahoo.com', '7331850050', 'ldutbxjkumzytuh', '0947754769146');
INSERT INTO "user_data"(username, name, surname, email, phone_number, home_address, cnp) VALUES ('charlesbarrett', 'Charles', 'Barrett', 'charlesbarrett@yahoo.com', '5741559985', 'ukfgttnuqqeaqj', '5705223766081');
INSERT INTO "user_data"(username, name, surname, email, phone_number, home_address, cnp) VALUES ('peggiewerner', 'Peggie', 'Werner', 'peggiewerner@yahoo.com', '8275947724', 'ehobjdgmtgkm', '9949286050846');
INSERT INTO "user_data"(username, name, surname, email, phone_number, home_address, cnp) VALUES ('suzannescarborough', 'Suzanne', 'Scarborough', 'suzannescarborough@yahoo.com', '1846266108', 'dxepngxspn', '3875288500864');
INSERT INTO "user_data"(username, name, surname, email, phone_number, home_address, cnp) VALUES ('jesusbelair', 'Jesus', 'Belair', 'jesusbelair@yahoo.com', '2412213055', 'skzxuxrsjntja', '3310351018248');
INSERT INTO "user_data"(username, name, surname, email, phone_number, home_address, cnp) VALUES ('irenedeaton', 'Irene', 'Deaton', 'irenedeaton@yahoo.com', '0467695550', 'vabasyilwdcyaph', '3073379284732');
INSERT INTO "user_data"(username, name, surname, email, phone_number, home_address, cnp) VALUES ('charlesscobee', 'Charles', 'Scobee', 'charlesscobee@yahoo.com', '5190724097', 'iotidfteptbzng', '6462936257876');
INSERT INTO "user_data"(username, name, surname, email, phone_number, home_address, cnp) VALUES ('davidholmes', 'David', 'Holmes', 'davidholmes@yahoo.com', '9238679160', 'gfftvmxfdwsz', '9591638580380');
INSERT INTO "user_data"(username, name, surname, email, phone_number, home_address, cnp) VALUES ('williamwilliams', 'William', 'Williams', 'williamwilliams@yahoo.com', '9129776056', 'mbgsyimvhfohpg', '6716993680707');
INSERT INTO "user_data"(username, name, surname, email, phone_number, home_address, cnp) VALUES ('luisharper', 'Luis', 'Harper', 'luisharper@yahoo.com', '2890516936', 'qagmgjzikkgou', '1378388388200');
INSERT INTO "user_data"(username, name, surname, email, phone_number, home_address, cnp) VALUES ('karlkerber', 'Karl', 'Kerber', 'karlkerber@yahoo.com', '5924217868', 'swvlawdxkyd', '4289784909301');
INSERT INTO "user_data"(username, name, surname, email, phone_number, home_address, cnp) VALUES ('kevinwatts', 'Kevin', 'Watts', 'kevinwatts@yahoo.com', '1581479540', 'cmqglypucdkkmpu', '1924533019187');
INSERT INTO "user_data"(username, name, surname, email, phone_number, home_address, cnp) VALUES ('rickyminihane', 'Ricky', 'Minihane', 'rickyminihane@yahoo.com', '4780518915', 'xtjdmmdzfeykt', '5933367711316');
INSERT INTO "user_data"(username, name, surname, email, phone_number, home_address, cnp) VALUES ('chadprice', 'Chad', 'Price', 'chadprice@yahoo.com', '5828386449', 'dcbgaibkmtpyu', '5796658610584');
INSERT INTO "user_data"(username, name, surname, email, phone_number, home_address, cnp) VALUES ('toddrosas', 'Todd', 'Rosas', 'toddrosas@yahoo.com', '7982901658', 'gelredsgdzruiog', '1388472041956');
INSERT INTO "user_data"(username, name, surname, email, phone_number, home_address, cnp) VALUES ('amyabbott', 'Amy', 'Abbott', 'amyabbott@yahoo.com', '3291117227', 'lxobllxxmmiy', '9846357346471');
INSERT INTO "user_data"(username, name, surname, email, phone_number, home_address, cnp) VALUES ('marjoriecochran', 'Marjorie', 'Cochran', 'marjoriecochran@yahoo.com', '0080322195', 'ndrxagagmzvzkc', '2816586540854');
INSERT INTO "user_data"(username, name, surname, email, phone_number, home_address, cnp) VALUES ('robchiarini', 'Rob', 'Chiarini', 'robchiarini@yahoo.com', '2268713066', 'tvksucoqogegi', '0256859577047');
INSERT INTO "user_data"(username, name, surname, email, phone_number, home_address, cnp) VALUES ('patriciabirnbaum', 'Patricia', 'Birnbaum', 'patriciabirnbaum@yahoo.com', '8282720621', 'zudecbcsmoiqf', '5327091911509');
INSERT INTO "user_data"(username, name, surname, email, phone_number, home_address, cnp) VALUES ('elbertschwarz', 'Elbert', 'Schwarz', 'elbertschwarz@yahoo.com', '5727125998', 'fmqlbquspuhetz', '9314065780016');
INSERT INTO "user_data"(username, name, surname, email, phone_number, home_address, cnp) VALUES ('daledye', 'Dale', 'Dye', 'daledye@yahoo.com', '7373492184', 'yxpinthoqlmak', '7824243598265');
INSERT INTO "user_data"(username, name, surname, email, phone_number, home_address, cnp) VALUES ('fredrickbrummett', 'Fredrick', 'Brummett', 'fredrickbrummett@yahoo.com', '5049262588', 'lfakykmzmp', '1293790329924');
INSERT INTO "user_data"(username, name, surname, email, phone_number, home_address, cnp) VALUES ('russellparker', 'Russell', 'Parker', 'russellparker@yahoo.com', '1575808130', 'nhjhtcawsnce', '0310835891919');
INSERT INTO "user_data"(username, name, surname, email, phone_number, home_address, cnp) VALUES ('raymondjensen', 'Raymond', 'Jensen', 'raymondjensen@yahoo.com', '9663844794', 'qxqmnckmdbw', '8546145613186');
INSERT INTO "user_data"(username, name, surname, email, phone_number, home_address, cnp) VALUES ('rogerhutchinson', 'Roger', 'Hutchinson', 'rogerhutchinson@yahoo.com', '1192309517', 'hgdtyaksqslosx', '7856402090807');
INSERT INTO "user_data"(username, name, surname, email, phone_number, home_address, cnp) VALUES ('tamihawk', 'Tami', 'Hawk', 'tamihawk@yahoo.com', '2980908373', 'kareosblmg', '6661619977171');
INSERT INTO "user_data"(username, name, surname, email, phone_number, home_address, cnp) VALUES ('dianeshipps', 'Diane', 'Shipps', 'dianeshipps@yahoo.com', '9205081244', 'rmgzmtmmprfj', '2795067376690');
INSERT INTO "user_data"(username, name, surname, email, phone_number, home_address, cnp) VALUES ('stanleyquintanilla', 'Stanley', 'Quintanilla', 'stanleyquintanilla@yahoo.com', '9006628938', 'ofpgedmjlnu', '9151494539818');
INSERT INTO "user_data"(username, name, surname, email, phone_number, home_address, cnp) VALUES ('reneemartinez', 'Renee', 'Martinez', 'reneemartinez@yahoo.com', '6576876374', 'qkcqfrnxumabikq', '9815311039828');
INSERT INTO "user_data"(username, name, surname, email, phone_number, home_address, cnp) VALUES ('johnboyd', 'John', 'Boyd', 'johnboyd@yahoo.com', '9650613017', 'gmvtafvgtoonubj', '9416553227704');
INSERT INTO "user_data"(username, name, surname, email, phone_number, home_address, cnp) VALUES ('maxieoneill', 'Maxie', 'Oneill', 'maxieoneill@yahoo.com', '2443671049', 'qqgysuoazwmpo', '9678103701623');
INSERT INTO "user_data"(username, name, surname, email, phone_number, home_address, cnp) VALUES ('gerardyoung', 'Gerard', 'Young', 'gerardyoung@yahoo.com', '7635939061', 'xktsrtrxjx', '2250587252141');
INSERT INTO "user_data"(username, name, surname, email, phone_number, home_address, cnp) VALUES ('agnesater', 'Agnes', 'Ater', 'agnesater@yahoo.com', '6541498869', 'jrvpghuxlqihv', '6039866863807');
INSERT INTO "user_data"(username, name, surname, email, phone_number, home_address, cnp) VALUES ('lisahaddad', 'Lisa', 'Haddad', 'lisahaddad@yahoo.com', '0284727822', 'vxiikvroasvg', '9089525113045');
INSERT INTO "user_data"(username, name, surname, email, phone_number, home_address, cnp) VALUES ('romawatson', 'Roma', 'Watson', 'romawatson@yahoo.com', '2949315757', 'awliwoivbjdabuy', '9284554246752');

INSERT INTO "staff"(username) VALUES ('stacybuck');
INSERT INTO "staff"(username) VALUES ('anthonyparson');
INSERT INTO "staff"(username) VALUES ('christopherforshey');
INSERT INTO "staff"(username) VALUES ('mariakinney');
INSERT INTO "staff"(username) VALUES ('reggiesantiago');
INSERT INTO "staff"(username) VALUES ('jesusitafisher');
INSERT INTO "staff"(username) VALUES ('carygelabert');
INSERT INTO "staff"(username) VALUES ('jamesbulmer');
INSERT INTO "staff"(username) VALUES ('karenbeardsley');
INSERT INTO "staff"(username) VALUES ('soledadmassey');
INSERT INTO "staff"(username) VALUES ('darlenemapes');
INSERT INTO "staff"(username) VALUES ('carolthibodaux');
INSERT INTO "staff"(username) VALUES ('jonbrown');
INSERT INTO "staff"(username) VALUES ('ronaldtiedeman');
INSERT INTO "staff"(username) VALUES ('moiseschute');
INSERT INTO "staff"(username) VALUES ('vivianbucker');
INSERT INTO "staff"(username) VALUES ('kyongschoderbek');
INSERT INTO "staff"(username) VALUES ('joshuafitzpatrick');
INSERT INTO "staff"(username) VALUES ('gilbertvilleneuve');
INSERT INTO "staff"(username) VALUES ('bradleymarino');
INSERT INTO "staff"(username) VALUES ('marcelladong');
INSERT INTO "staff"(username) VALUES ('mistismolder');
INSERT INTO "staff"(username) VALUES ('jermaineharrington');
INSERT INTO "staff"(username) VALUES ('janicealexander');
INSERT INTO "staff"(username) VALUES ('michaelgookin');
INSERT INTO "staff"(username) VALUES ('damoncook');
INSERT INTO "staff"(username) VALUES ('billymull');
INSERT INTO "staff"(username) VALUES ('ashleyburnett');
INSERT INTO "staff"(username) VALUES ('lindaautry');
INSERT INTO "staff"(username) VALUES ('jamesgabbard');

INSERT INTO "teacher"(username) VALUES ('brandonhart');
INSERT INTO "teacher"(username) VALUES ('jessesnider');
INSERT INTO "teacher"(username) VALUES ('tonynailor');
INSERT INTO "teacher"(username) VALUES ('judymorgan');
INSERT INTO "teacher"(username) VALUES ('marklindquist');
INSERT INTO "teacher"(username) VALUES ('jamesbrooks');
INSERT INTO "teacher"(username) VALUES ('robertford');
INSERT INTO "teacher"(username) VALUES ('barbaramitchell');
INSERT INTO "teacher"(username) VALUES ('eliasrobbins');
INSERT INTO "teacher"(username) VALUES ('hectorknowles');
INSERT INTO "teacher"(username) VALUES ('christielee');
INSERT INTO "teacher"(username) VALUES ('christinelott');
INSERT INTO "teacher"(username) VALUES ('francesjohnson');
INSERT INTO "teacher"(username) VALUES ('renataflink');
INSERT INTO "teacher"(username) VALUES ('giselaberner');
INSERT INTO "teacher"(username) VALUES ('patricianunmaker');
INSERT INTO "teacher"(username) VALUES ('duanemorris');
INSERT INTO "teacher"(username) VALUES ('johnnoriega');
INSERT INTO "teacher"(username) VALUES ('robertacook');
INSERT INTO "teacher"(username) VALUES ('sallybreeden');
INSERT INTO "teacher"(username) VALUES ('francespergola');
INSERT INTO "teacher"(username) VALUES ('mikehernandez');
INSERT INTO "teacher"(username) VALUES ('anthonycabrera');
INSERT INTO "teacher"(username) VALUES ('josephwaller');
INSERT INTO "teacher"(username) VALUES ('marylongo');
INSERT INTO "teacher"(username) VALUES ('bettyhuston');
INSERT INTO "teacher"(username) VALUES ('sandrajohnson');
INSERT INTO "teacher"(username) VALUES ('ameliahemming');
INSERT INTO "teacher"(username) VALUES ('jacquelineodell');
INSERT INTO "teacher"(username) VALUES ('williamaxelson');
INSERT INTO "teacher"(username) VALUES ('randycandelaria');
INSERT INTO "teacher"(username) VALUES ('dianesheffield');
INSERT INTO "teacher"(username) VALUES ('marthastout');
INSERT INTO "teacher"(username) VALUES ('omarammons');
INSERT INTO "teacher"(username) VALUES ('caroltucker');
INSERT INTO "teacher"(username) VALUES ('adamabrams');
INSERT INTO "teacher"(username) VALUES ('marybishop');
INSERT INTO "teacher"(username) VALUES ('tarachirinos');
INSERT INTO "teacher"(username) VALUES ('johnschmid');
INSERT INTO "teacher"(username) VALUES ('sherrietebow');
INSERT INTO "teacher"(username) VALUES ('nettiewashington');
INSERT INTO "teacher"(username) VALUES ('florencegaliano');
INSERT INTO "teacher"(username) VALUES ('janicegordon');
INSERT INTO "teacher"(username) VALUES ('samkelly');
INSERT INTO "teacher"(username) VALUES ('paulahabbyshaw');
INSERT INTO "teacher"(username) VALUES ('victorlovingood');
INSERT INTO "teacher"(username) VALUES ('katrinabowers');
INSERT INTO "teacher"(username) VALUES ('douglashema');
INSERT INTO "teacher"(username) VALUES ('lisabitner');
INSERT INTO "teacher"(username) VALUES ('dorishinds');
INSERT INTO "teacher"(username) VALUES ('joannefelix');
INSERT INTO "teacher"(username) VALUES ('richardhyslop');
INSERT INTO "teacher"(username) VALUES ('lavonnebrown');
INSERT INTO "teacher"(username) VALUES ('esthercollman');
INSERT INTO "teacher"(username) VALUES ('jaredmyers');
INSERT INTO "teacher"(username) VALUES ('jameswetmore');
INSERT INTO "teacher"(username) VALUES ('zulagilreath');
INSERT INTO "teacher"(username) VALUES ('marieraymond');
INSERT INTO "teacher"(username) VALUES ('danielnelson');
INSERT INTO "teacher"(username) VALUES ('milliegarcia');
INSERT INTO "teacher"(username) VALUES ('yvettechen');
INSERT INTO "teacher"(username) VALUES ('jessicathomas');
INSERT INTO "teacher"(username) VALUES ('laurielandes');
INSERT INTO "teacher"(username) VALUES ('julieurbina');
INSERT INTO "teacher"(username) VALUES ('nicholasfreeman');
INSERT INTO "teacher"(username) VALUES ('nolavarela');
INSERT INTO "teacher"(username) VALUES ('markfinkbeiner');
INSERT INTO "teacher"(username) VALUES ('kristenladay');
INSERT INTO "teacher"(username) VALUES ('jeromedenton');
INSERT INTO "teacher"(username) VALUES ('roscoenewman');

INSERT INTO "faculty"(fid, name, noyears, chief) VALUES (1, 'Mathematics and Informatics-Informatica', 3, 'jessesnider');
INSERT INTO "faculty"(fid, name, noyears, chief) VALUES (2, 'Mathematics and Informatics-Matematica', 3, 'duanemorris');
INSERT INTO "faculty"(fid, name, noyears, chief) VALUES (3, 'Mathematics and Informatics-Matematica Informatica', 3, 'patricianunmaker');
INSERT INTO "faculty"(fid, name, noyears, chief) VALUES (4, 'Physics-Fizica', 3, 'roscoenewman');
INSERT INTO "faculty"(fid, name, noyears, chief) VALUES (5, 'Physics-Fizica Informatica', 3, 'douglashema');
INSERT INTO "faculty"(fid, name, noyears, chief) VALUES (6, 'Physics-Fizica medicala', 3, 'milliegarcia');
INSERT INTO "faculty"(fid, name, noyears, chief) VALUES (7, 'History and Philosophy-Istorie', 3, 'florencegaliano');
INSERT INTO "faculty"(fid, name, noyears, chief) VALUES (8, 'Geography-Geografie', 3, 'lavonnebrown');
INSERT INTO "faculty"(fid, name, noyears, chief) VALUES (9, 'Geography-Geografia Turismului', 3, 'caroltucker');

INSERT INTO "group"(gid, faculty, year) VALUES (1, 1, 1);
INSERT INTO "group"(gid, faculty, year) VALUES (2, 1, 1);
INSERT INTO "group"(gid, faculty, year) VALUES (3, 1, 1);
INSERT INTO "group"(gid, faculty, year) VALUES (4, 1, 1);
INSERT INTO "group"(gid, faculty, year) VALUES (5, 1, 1);
INSERT INTO "group"(gid, faculty, year) VALUES (6, 1, 2);
INSERT INTO "group"(gid, faculty, year) VALUES (7, 1, 2);
INSERT INTO "group"(gid, faculty, year) VALUES (8, 1, 2);
INSERT INTO "group"(gid, faculty, year) VALUES (9, 1, 2);
INSERT INTO "group"(gid, faculty, year) VALUES (10, 1, 2);
INSERT INTO "group"(gid, faculty, year) VALUES (11, 1, 3);
INSERT INTO "group"(gid, faculty, year) VALUES (12, 1, 3);
INSERT INTO "group"(gid, faculty, year) VALUES (13, 1, 3);
INSERT INTO "group"(gid, faculty, year) VALUES (14, 1, 3);
INSERT INTO "group"(gid, faculty, year) VALUES (15, 1, 3);
INSERT INTO "group"(gid, faculty, year) VALUES (16, 2, 1);
INSERT INTO "group"(gid, faculty, year) VALUES (17, 2, 1);
INSERT INTO "group"(gid, faculty, year) VALUES (18, 2, 1);
INSERT INTO "group"(gid, faculty, year) VALUES (19, 2, 1);
INSERT INTO "group"(gid, faculty, year) VALUES (20, 2, 1);
INSERT INTO "group"(gid, faculty, year) VALUES (21, 2, 2);
INSERT INTO "group"(gid, faculty, year) VALUES (22, 2, 2);
INSERT INTO "group"(gid, faculty, year) VALUES (23, 2, 2);
INSERT INTO "group"(gid, faculty, year) VALUES (24, 2, 2);
INSERT INTO "group"(gid, faculty, year) VALUES (25, 2, 2);
INSERT INTO "group"(gid, faculty, year) VALUES (26, 2, 3);
INSERT INTO "group"(gid, faculty, year) VALUES (27, 2, 3);
INSERT INTO "group"(gid, faculty, year) VALUES (28, 2, 3);
INSERT INTO "group"(gid, faculty, year) VALUES (29, 2, 3);
INSERT INTO "group"(gid, faculty, year) VALUES (30, 2, 3);
INSERT INTO "group"(gid, faculty, year) VALUES (31, 3, 1);
INSERT INTO "group"(gid, faculty, year) VALUES (32, 3, 1);
INSERT INTO "group"(gid, faculty, year) VALUES (33, 3, 1);
INSERT INTO "group"(gid, faculty, year) VALUES (34, 3, 1);
INSERT INTO "group"(gid, faculty, year) VALUES (35, 3, 1);
INSERT INTO "group"(gid, faculty, year) VALUES (36, 3, 2);
INSERT INTO "group"(gid, faculty, year) VALUES (37, 3, 2);
INSERT INTO "group"(gid, faculty, year) VALUES (38, 3, 2);
INSERT INTO "group"(gid, faculty, year) VALUES (39, 3, 2);
INSERT INTO "group"(gid, faculty, year) VALUES (40, 3, 2);
INSERT INTO "group"(gid, faculty, year) VALUES (41, 3, 3);
INSERT INTO "group"(gid, faculty, year) VALUES (42, 3, 3);
INSERT INTO "group"(gid, faculty, year) VALUES (43, 3, 3);
INSERT INTO "group"(gid, faculty, year) VALUES (44, 3, 3);
INSERT INTO "group"(gid, faculty, year) VALUES (45, 3, 3);
INSERT INTO "group"(gid, faculty, year) VALUES (46, 4, 1);
INSERT INTO "group"(gid, faculty, year) VALUES (47, 4, 1);
INSERT INTO "group"(gid, faculty, year) VALUES (48, 4, 1);
INSERT INTO "group"(gid, faculty, year) VALUES (49, 4, 1);
INSERT INTO "group"(gid, faculty, year) VALUES (50, 4, 1);
INSERT INTO "group"(gid, faculty, year) VALUES (51, 4, 2);
INSERT INTO "group"(gid, faculty, year) VALUES (52, 4, 2);
INSERT INTO "group"(gid, faculty, year) VALUES (53, 4, 2);
INSERT INTO "group"(gid, faculty, year) VALUES (54, 4, 2);
INSERT INTO "group"(gid, faculty, year) VALUES (55, 4, 2);
INSERT INTO "group"(gid, faculty, year) VALUES (56, 4, 3);
INSERT INTO "group"(gid, faculty, year) VALUES (57, 4, 3);
INSERT INTO "group"(gid, faculty, year) VALUES (58, 4, 3);
INSERT INTO "group"(gid, faculty, year) VALUES (59, 4, 3);
INSERT INTO "group"(gid, faculty, year) VALUES (60, 4, 3);
INSERT INTO "group"(gid, faculty, year) VALUES (61, 5, 1);
INSERT INTO "group"(gid, faculty, year) VALUES (62, 5, 1);
INSERT INTO "group"(gid, faculty, year) VALUES (63, 5, 1);
INSERT INTO "group"(gid, faculty, year) VALUES (64, 5, 1);
INSERT INTO "group"(gid, faculty, year) VALUES (65, 5, 1);
INSERT INTO "group"(gid, faculty, year) VALUES (66, 5, 2);
INSERT INTO "group"(gid, faculty, year) VALUES (67, 5, 2);
INSERT INTO "group"(gid, faculty, year) VALUES (68, 5, 2);
INSERT INTO "group"(gid, faculty, year) VALUES (69, 5, 2);
INSERT INTO "group"(gid, faculty, year) VALUES (70, 5, 2);
INSERT INTO "group"(gid, faculty, year) VALUES (71, 5, 3);
INSERT INTO "group"(gid, faculty, year) VALUES (72, 5, 3);
INSERT INTO "group"(gid, faculty, year) VALUES (73, 5, 3);
INSERT INTO "group"(gid, faculty, year) VALUES (74, 5, 3);
INSERT INTO "group"(gid, faculty, year) VALUES (75, 5, 3);
INSERT INTO "group"(gid, faculty, year) VALUES (76, 6, 1);
INSERT INTO "group"(gid, faculty, year) VALUES (77, 6, 1);
INSERT INTO "group"(gid, faculty, year) VALUES (78, 6, 1);
INSERT INTO "group"(gid, faculty, year) VALUES (79, 6, 1);
INSERT INTO "group"(gid, faculty, year) VALUES (80, 6, 1);
INSERT INTO "group"(gid, faculty, year) VALUES (81, 6, 2);
INSERT INTO "group"(gid, faculty, year) VALUES (82, 6, 2);
INSERT INTO "group"(gid, faculty, year) VALUES (83, 6, 2);
INSERT INTO "group"(gid, faculty, year) VALUES (84, 6, 2);
INSERT INTO "group"(gid, faculty, year) VALUES (85, 6, 2);
INSERT INTO "group"(gid, faculty, year) VALUES (86, 6, 3);
INSERT INTO "group"(gid, faculty, year) VALUES (87, 6, 3);
INSERT INTO "group"(gid, faculty, year) VALUES (88, 6, 3);
INSERT INTO "group"(gid, faculty, year) VALUES (89, 6, 3);
INSERT INTO "group"(gid, faculty, year) VALUES (90, 6, 3);
INSERT INTO "group"(gid, faculty, year) VALUES (91, 7, 1);
INSERT INTO "group"(gid, faculty, year) VALUES (92, 7, 1);
INSERT INTO "group"(gid, faculty, year) VALUES (93, 7, 1);
INSERT INTO "group"(gid, faculty, year) VALUES (94, 7, 1);
INSERT INTO "group"(gid, faculty, year) VALUES (95, 7, 1);
INSERT INTO "group"(gid, faculty, year) VALUES (96, 7, 2);
INSERT INTO "group"(gid, faculty, year) VALUES (97, 7, 2);
INSERT INTO "group"(gid, faculty, year) VALUES (98, 7, 2);
INSERT INTO "group"(gid, faculty, year) VALUES (99, 7, 2);
INSERT INTO "group"(gid, faculty, year) VALUES (100, 7, 2);
INSERT INTO "group"(gid, faculty, year) VALUES (101, 7, 3);
INSERT INTO "group"(gid, faculty, year) VALUES (102, 7, 3);
INSERT INTO "group"(gid, faculty, year) VALUES (103, 7, 3);
INSERT INTO "group"(gid, faculty, year) VALUES (104, 7, 3);
INSERT INTO "group"(gid, faculty, year) VALUES (105, 7, 3);
INSERT INTO "group"(gid, faculty, year) VALUES (106, 8, 1);
INSERT INTO "group"(gid, faculty, year) VALUES (107, 8, 1);
INSERT INTO "group"(gid, faculty, year) VALUES (108, 8, 1);
INSERT INTO "group"(gid, faculty, year) VALUES (109, 8, 1);
INSERT INTO "group"(gid, faculty, year) VALUES (110, 8, 1);
INSERT INTO "group"(gid, faculty, year) VALUES (111, 8, 2);
INSERT INTO "group"(gid, faculty, year) VALUES (112, 8, 2);
INSERT INTO "group"(gid, faculty, year) VALUES (113, 8, 2);
INSERT INTO "group"(gid, faculty, year) VALUES (114, 8, 2);
INSERT INTO "group"(gid, faculty, year) VALUES (115, 8, 2);
INSERT INTO "group"(gid, faculty, year) VALUES (116, 8, 3);
INSERT INTO "group"(gid, faculty, year) VALUES (117, 8, 3);
INSERT INTO "group"(gid, faculty, year) VALUES (118, 8, 3);
INSERT INTO "group"(gid, faculty, year) VALUES (119, 8, 3);
INSERT INTO "group"(gid, faculty, year) VALUES (120, 8, 3);
INSERT INTO "group"(gid, faculty, year) VALUES (121, 9, 1);
INSERT INTO "group"(gid, faculty, year) VALUES (122, 9, 1);
INSERT INTO "group"(gid, faculty, year) VALUES (123, 9, 1);
INSERT INTO "group"(gid, faculty, year) VALUES (124, 9, 1);
INSERT INTO "group"(gid, faculty, year) VALUES (125, 9, 1);
INSERT INTO "group"(gid, faculty, year) VALUES (126, 9, 2);
INSERT INTO "group"(gid, faculty, year) VALUES (127, 9, 2);
INSERT INTO "group"(gid, faculty, year) VALUES (128, 9, 2);
INSERT INTO "group"(gid, faculty, year) VALUES (129, 9, 2);
INSERT INTO "group"(gid, faculty, year) VALUES (130, 9, 2);
INSERT INTO "group"(gid, faculty, year) VALUES (131, 9, 3);
INSERT INTO "group"(gid, faculty, year) VALUES (132, 9, 3);
INSERT INTO "group"(gid, faculty, year) VALUES (133, 9, 3);
INSERT INTO "group"(gid, faculty, year) VALUES (134, 9, 3);
INSERT INTO "group"(gid, faculty, year) VALUES (135, 9, 3);

INSERT INTO "student"(username, group1) VALUES ('justinajohnston', 132);
INSERT INTO "student"(username, group1) VALUES ('vanessamerten', 130);
INSERT INTO "student"(username, group1) VALUES ('williamyoung', 103);
INSERT INTO "student"(username, group1) VALUES ('pauljackson', 52);
INSERT INTO "student"(username, group1) VALUES ('dextermiller', 112);
INSERT INTO "student"(username, group1) VALUES ('margaretrecio', 37);
INSERT INTO "student"(username, group1) VALUES ('darrelldevito', 126);
INSERT INTO "student"(username, group1, group2) VALUES ('eugeneanderson', 79, 13);
INSERT INTO "student"(username, group1) VALUES ('dannyrico', 71);
INSERT INTO "student"(username, group1) VALUES ('gladysowens', 59);
INSERT INTO "student"(username, group1) VALUES ('suzannetonner', 118);
INSERT INTO "student"(username, group1) VALUES ('susanstrobel', 69);
INSERT INTO "student"(username, group1, group2) VALUES ('stephanbrown', 46, 122);
INSERT INTO "student"(username, group1) VALUES ('kimgilligan', 71);
INSERT INTO "student"(username, group1) VALUES ('richardgray', 6);
INSERT INTO "student"(username, group1) VALUES ('glenncerda', 61);
INSERT INTO "student"(username, group1) VALUES ('jacquelinebecerra', 2);
INSERT INTO "student"(username, group1) VALUES ('carlossimoneau', 63);
INSERT INTO "student"(username, group1) VALUES ('robertshepard', 65);
INSERT INTO "student"(username, group1) VALUES ('gailflatt', 17);
INSERT INTO "student"(username, group1) VALUES ('jimmyfitzsimmons', 115);
INSERT INTO "student"(username, group1) VALUES ('lillianduffey', 33);
INSERT INTO "student"(username, group1) VALUES ('kerilugo', 59);
INSERT INTO "student"(username, group1) VALUES ('jamesjackson', 55);
INSERT INTO "student"(username, group1, group2) VALUES ('carlosturner', 59, 42);
INSERT INTO "student"(username, group1) VALUES ('bethgallegos', 26);
INSERT INTO "student"(username, group1) VALUES ('donnasmith', 2);
INSERT INTO "student"(username, group1) VALUES ('michaelhamrick', 44);
INSERT INTO "student"(username, group1) VALUES ('frankbelden', 16);
INSERT INTO "student"(username, group1) VALUES ('davidwestbrook', 125);
INSERT INTO "student"(username, group1) VALUES ('mauricemclean', 33);
INSERT INTO "student"(username, group1) VALUES ('karenbono', 44);
INSERT INTO "student"(username, group1) VALUES ('robertholman', 66);
INSERT INTO "student"(username, group1) VALUES ('ellenmccoy', 109);
INSERT INTO "student"(username, group1) VALUES ('eufemiasingh', 24);
INSERT INTO "student"(username, group1) VALUES ('patriciacatano', 16);
INSERT INTO "student"(username, group1) VALUES ('wilfredgebhart', 95);
INSERT INTO "student"(username, group1) VALUES ('gaylecleghorn', 99);
INSERT INTO "student"(username, group1) VALUES ('anthonynasta', 46);
INSERT INTO "student"(username, group1, group2) VALUES ('vaughnraphael', 93, 58);
INSERT INTO "student"(username, group1) VALUES ('fredmartin', 14);
INSERT INTO "student"(username, group1) VALUES ('robertdansby', 101);
INSERT INTO "student"(username, group1) VALUES ('barbaraharmon', 31);
INSERT INTO "student"(username, group1, group2) VALUES ('pauldarling', 111, 104);
INSERT INTO "student"(username, group1) VALUES ('jameslashley', 81);
INSERT INTO "student"(username, group1) VALUES ('philliptorres', 87);
INSERT INTO "student"(username, group1) VALUES ('patriciadeluca', 31);
INSERT INTO "student"(username, group1, group2) VALUES ('lisajohnson', 117, 59);
INSERT INTO "student"(username, group1) VALUES ('lindavorpahl', 98);
INSERT INTO "student"(username, group1) VALUES ('gregoryrichardson', 117);
INSERT INTO "student"(username, group1) VALUES ('charleswegener', 39);
INSERT INTO "student"(username, group1, group2) VALUES ('karivanderhorst', 129, 117);
INSERT INTO "student"(username, group1) VALUES ('ericcarson', 130);
INSERT INTO "student"(username, group1) VALUES ('ismaelcook', 57);
INSERT INTO "student"(username, group1) VALUES ('robertcarney', 13);
INSERT INTO "student"(username, group1) VALUES ('davidmills', 104);
INSERT INTO "student"(username, group1) VALUES ('curtisleboeuf', 53);
INSERT INTO "student"(username, group1) VALUES ('ashleyhernandez', 15);
INSERT INTO "student"(username, group1) VALUES ('quintonbanks', 92);
INSERT INTO "student"(username, group1) VALUES ('craigjaillet', 109);
INSERT INTO "student"(username, group1) VALUES ('martinkelter', 22);
INSERT INTO "student"(username, group1) VALUES ('reginaldestrada', 46);
INSERT INTO "student"(username, group1) VALUES ('lelamendoza', 105);
INSERT INTO "student"(username, group1, group2) VALUES ('donnalarose', 134, 43);
INSERT INTO "student"(username, group1) VALUES ('cherylmoore', 34);
INSERT INTO "student"(username, group1) VALUES ('aurorapickett', 107);
INSERT INTO "student"(username, group1) VALUES ('charlesbarrett', 133);
INSERT INTO "student"(username, group1) VALUES ('peggiewerner', 21);
INSERT INTO "student"(username, group1) VALUES ('suzannescarborough', 32);
INSERT INTO "student"(username, group1) VALUES ('jesusbelair', 128);
INSERT INTO "student"(username, group1) VALUES ('irenedeaton', 101);
INSERT INTO "student"(username, group1) VALUES ('charlesscobee', 135);
INSERT INTO "student"(username, group1) VALUES ('davidholmes', 95);
INSERT INTO "student"(username, group1) VALUES ('williamwilliams', 90);
INSERT INTO "student"(username, group1) VALUES ('luisharper', 64);
INSERT INTO "student"(username, group1) VALUES ('karlkerber', 30);
INSERT INTO "student"(username, group1) VALUES ('kevinwatts', 123);
INSERT INTO "student"(username, group1) VALUES ('rickyminihane', 119);
INSERT INTO "student"(username, group1) VALUES ('chadprice', 112);
INSERT INTO "student"(username, group1) VALUES ('toddrosas', 101);
INSERT INTO "student"(username, group1) VALUES ('amyabbott', 30);
INSERT INTO "student"(username, group1) VALUES ('marjoriecochran', 23);
INSERT INTO "student"(username, group1) VALUES ('robchiarini', 66);
INSERT INTO "student"(username, group1) VALUES ('patriciabirnbaum', 77);
INSERT INTO "student"(username, group1) VALUES ('elbertschwarz', 116);
INSERT INTO "student"(username, group1) VALUES ('daledye', 124);
INSERT INTO "student"(username, group1) VALUES ('fredrickbrummett', 117);
INSERT INTO "student"(username, group1) VALUES ('russellparker', 120);
INSERT INTO "student"(username, group1, group2) VALUES ('raymondjensen', 133, 14);
INSERT INTO "student"(username, group1) VALUES ('rogerhutchinson', 116);
INSERT INTO "student"(username, group1) VALUES ('tamihawk', 127);
INSERT INTO "student"(username, group1) VALUES ('dianeshipps', 113);
INSERT INTO "student"(username, group1) VALUES ('stanleyquintanilla', 32);
INSERT INTO "student"(username, group1) VALUES ('reneemartinez', 7);
INSERT INTO "student"(username, group1) VALUES ('johnboyd', 96);
INSERT INTO "student"(username, group1) VALUES ('maxieoneill', 130);
INSERT INTO "student"(username, group1) VALUES ('gerardyoung', 91);
INSERT INTO "student"(username, group1) VALUES ('agnesater', 109);
INSERT INTO "student"(username, group1) VALUES ('lisahaddad', 64);
INSERT INTO "student"(username, group1) VALUES ('romawatson', 85);

INSERT INTO "course_priority"(pid, priority) VALUES (1, 'mandatory');
INSERT INTO "course_priority"(pid, priority) VALUES (2, 'optional');
INSERT INTO "course_priority"(pid, priority) VALUES (3, 'facultative');

INSERT INTO "course"(cid, name, fid, year, teacher, semester, maxstudents, priority) VALUES (1, 'Algebra', 1, 1, 'richardhyslop', 1, 160, 1);
INSERT INTO "course"(cid, name, fid, year, teacher, semester, maxstudents, priority) VALUES (2, 'Fundamentele programarii', 1, 1, 'jessicathomas', 1, 167, 1);
INSERT INTO "course"(cid, name, fid, year, teacher, semester, maxstudents, priority) VALUES (3, 'Arhitectura sistemelor de calcul', 1, 1, 'sallybreeden', 1, 172, 1);
INSERT INTO "course"(cid, name, fid, year, teacher, semester, maxstudents, priority) VALUES (4, 'Programare in c', 1, 1, 'nettiewashington', 1, 176, 3);
INSERT INTO "course"(cid, name, fid, year, teacher, semester, maxstudents, priority) VALUES (5, 'Structuri de date si algoritmi', 1, 1, 'mikehernandez', 2, 151, 1);
INSERT INTO "course"(cid, name, fid, year, teacher, semester, maxstudents, priority) VALUES (6, 'Geometrie', 1, 1, 'christinelott', 2, 167, 1);
INSERT INTO "course"(cid, name, fid, year, teacher, semester, maxstudents, priority) VALUES (7, 'Sisteme dinamice', 1, 1, 'christielee', 2, 158, 1);
INSERT INTO "course"(cid, name, fid, year, teacher, semester, maxstudents, priority) VALUES (8, 'Metode avansate de rezolvare a problemelor de matematica i informatica', 1, 1, 'jaredmyers', 2, 159, 3);
INSERT INTO "course"(cid, name, fid, year, teacher, semester, maxstudents, priority) VALUES (9, 'Metode avansate de programare', 1, 2, 'johnschmid', 3, 210, 1);
INSERT INTO "course"(cid, name, fid, year, teacher, semester, maxstudents, priority) VALUES (10, 'Retele de calculatoare', 1, 2, 'douglashema', 3, 198, 1);
INSERT INTO "course"(cid, name, fid, year, teacher, semester, maxstudents, priority) VALUES (11, 'Baze de date', 1, 2, 'marybishop', 3, 212, 1);
INSERT INTO "course"(cid, name, fid, year, teacher, semester, maxstudents, priority) VALUES (12, 'Programare functionala si logica', 1, 2, 'esthercollman', 3, 153, 1);
INSERT INTO "course"(cid, name, fid, year, teacher, semester, maxstudents, priority) VALUES (13, 'Inteligenta artificiala', 1, 2, 'florencegaliano', 4, 186, 1);
INSERT INTO "course"(cid, name, fid, year, teacher, semester, maxstudents, priority) VALUES (14, 'Ingineria sistemelor soft', 1, 2, 'josephwaller', 4, 177, 1);
INSERT INTO "course"(cid, name, fid, year, teacher, semester, maxstudents, priority) VALUES (15, 'Medii de proiectare si programare', 1, 2, 'eliasrobbins', 4, 187, 1);
INSERT INTO "course"(cid, name, fid, year, teacher, semester, maxstudents, priority) VALUES (16, 'Programare web', 1, 2, 'judymorgan', 4, 175, 1);
INSERT INTO "course"(cid, name, fid, year, teacher, semester, maxstudents, priority) VALUES (17, 'Programare paralela si distribuita', 1, 3, 'marybishop', 5, 205, 1);
INSERT INTO "course"(cid, name, fid, year, teacher, semester, maxstudents, priority) VALUES (18, 'Programare pentru dispozitive mobile', 1, 3, 'johnschmid', 5, 180, 1);
INSERT INTO "course"(cid, name, fid, year, teacher, semester, maxstudents, priority) VALUES (19, 'Criptografie cu cheie publica', 1, 3, 'renataflink', 5, 187, 2);
INSERT INTO "course"(cid, name, fid, year, teacher, semester, maxstudents, priority) VALUES (20, 'Protocoale specializate in retele de calculatoare', 1, 3, 'tarachirinos', 5, 185, 2);
INSERT INTO "course"(cid, name, fid, year, teacher, semester, maxstudents, priority) VALUES (21, 'Proiect de cercetare', 1, 3, 'jamesbrooks', 5, 196, 2);
INSERT INTO "course"(cid, name, fid, year, teacher, semester, maxstudents, priority) VALUES (22, 'Automatizarea proceselor de business', 1, 3, 'ameliahemming', 5, 160, 2);
INSERT INTO "course"(cid, name, fid, year, teacher, semester, maxstudents, priority) VALUES (23, 'Calcul numeric', 1, 3, 'christielee', 6, 154, 1);
INSERT INTO "course"(cid, name, fid, year, teacher, semester, maxstudents, priority) VALUES (24, 'Verificarea si validarea sistemelor soft', 1, 3, 'anthonycabrera', 6, 212, 1);
INSERT INTO "course"(cid, name, fid, year, teacher, semester, maxstudents, priority) VALUES (25, 'Programarea orientata pe aspecte', 1, 3, 'samkelly', 6, 194, 2);
INSERT INTO "course"(cid, name, fid, year, teacher, semester, maxstudents, priority) VALUES (26, 'Sabloane de proiectare', 1, 3, 'paulahabbyshaw', 6, 214, 2);
INSERT INTO "course"(cid, name, fid, year, teacher, semester, maxstudents, priority) VALUES (27, 'Istoria informaticii', 1, 3, 'nolavarela', 6, 192, 2);
INSERT INTO "course"(cid, name, fid, year, teacher, semester, maxstudents, priority) VALUES (28, 'Invatare interactiva', 1, 3, 'laurielandes', 6, 158, 2);
INSERT INTO "course"(cid, name, fid, year, teacher, semester, maxstudents, priority) VALUES (29, 'Algebra 1', 2, 1, 'nicholasfreeman', 1, 191, 1);
INSERT INTO "course"(cid, name, fid, year, teacher, semester, maxstudents, priority) VALUES (30, 'Algoritmi si programare', 2, 1, 'kristenladay', 1, 215, 1);
INSERT INTO "course"(cid, name, fid, year, teacher, semester, maxstudents, priority) VALUES (31, 'Analiza 1', 2, 1, 'nicholasfreeman', 1, 183, 1);
INSERT INTO "course"(cid, name, fid, year, teacher, semester, maxstudents, priority) VALUES (32, 'Matematica de baza', 2, 1, 'adamabrams', 1, 191, 3);
INSERT INTO "course"(cid, name, fid, year, teacher, semester, maxstudents, priority) VALUES (33, 'Algebra 2', 2, 1, 'janicegordon', 2, 207, 1);
INSERT INTO "course"(cid, name, fid, year, teacher, semester, maxstudents, priority) VALUES (34, 'Analiza 2', 2, 1, 'williamaxelson', 2, 183, 1);
INSERT INTO "course"(cid, name, fid, year, teacher, semester, maxstudents, priority) VALUES (35, 'OOP', 2, 1, 'bettyhuston', 2, 189, 1);
INSERT INTO "course"(cid, name, fid, year, teacher, semester, maxstudents, priority) VALUES (36, 'Metode avansate de rezolvare a problemelor de matematica i informatica', 2, 1, 'lisabitner', 2, 175, 3);
INSERT INTO "course"(cid, name, fid, year, teacher, semester, maxstudents, priority) VALUES (37, 'Topologie', 2, 2, 'markfinkbeiner', 3, 205, 1);
INSERT INTO "course"(cid, name, fid, year, teacher, semester, maxstudents, priority) VALUES (38, 'Geometrie 3', 2, 2, 'lavonnebrown', 3, 171, 1);
INSERT INTO "course"(cid, name, fid, year, teacher, semester, maxstudents, priority) VALUES (39, 'Ecuatii diferentiale', 2, 2, 'paulahabbyshaw', 3, 177, 1);
INSERT INTO "course"(cid, name, fid, year, teacher, semester, maxstudents, priority) VALUES (40, 'Analiza convexa', 2, 2, 'francespergola', 3, 169, 2);
INSERT INTO "course"(cid, name, fid, year, teacher, semester, maxstudents, priority) VALUES (41, 'Teoria probabilitatilor', 2, 2, 'judymorgan', 4, 175, 1);
INSERT INTO "course"(cid, name, fid, year, teacher, semester, maxstudents, priority) VALUES (42, 'Analiza numerica', 2, 2, 'nolavarela', 4, 175, 1);
INSERT INTO "course"(cid, name, fid, year, teacher, semester, maxstudents, priority) VALUES (43, 'Modelare matematica', 2, 2, 'johnschmid', 4, 205, 2);
INSERT INTO "course"(cid, name, fid, year, teacher, semester, maxstudents, priority) VALUES (44, 'Capitole speciale de ecuatii diferentiale', 2, 2, 'duanemorris', 4, 208, 2);
INSERT INTO "course"(cid, name, fid, year, teacher, semester, maxstudents, priority) VALUES (45, 'Astronomie', 2, 3, 'florencegaliano', 5, 200, 1);
INSERT INTO "course"(cid, name, fid, year, teacher, semester, maxstudents, priority) VALUES (46, 'Analiza functionala', 2, 3, 'adamabrams', 5, 207, 1);
INSERT INTO "course"(cid, name, fid, year, teacher, semester, maxstudents, priority) VALUES (47, 'Matematica operatiunilor financiare', 2, 3, 'jacquelineodell', 5, 213, 2);
INSERT INTO "course"(cid, name, fid, year, teacher, semester, maxstudents, priority) VALUES (48, 'Metode numerice cu aplicatii', 2, 3, 'johnnoriega', 5, 205, 2);
INSERT INTO "course"(cid, name, fid, year, teacher, semester, maxstudents, priority) VALUES (49, 'Metode numerice in mecanica', 2, 3, 'dianesheffield', 5, 169, 2);
INSERT INTO "course"(cid, name, fid, year, teacher, semester, maxstudents, priority) VALUES (50, 'Complemente de algebra', 2, 3, 'ameliahemming', 5, 166, 2);
INSERT INTO "course"(cid, name, fid, year, teacher, semester, maxstudents, priority) VALUES (51, 'Teoria numerelor', 2, 3, 'caroltucker', 6, 172, 1);
INSERT INTO "course"(cid, name, fid, year, teacher, semester, maxstudents, priority) VALUES (52, 'Complemente de mecanica si astronomie', 2, 3, 'brandonhart', 6, 151, 2);
INSERT INTO "course"(cid, name, fid, year, teacher, semester, maxstudents, priority) VALUES (53, 'Complemente de geometrie', 2, 3, 'ameliahemming', 6, 192, 2);
INSERT INTO "course"(cid, name, fid, year, teacher, semester, maxstudents, priority) VALUES (54, 'Algebra 1', 3, 1, 'josephwaller', 1, 166, 1);
INSERT INTO "course"(cid, name, fid, year, teacher, semester, maxstudents, priority) VALUES (55, 'Algoritmi si programare', 3, 1, 'eliasrobbins', 1, 195, 1);
INSERT INTO "course"(cid, name, fid, year, teacher, semester, maxstudents, priority) VALUES (56, 'Fundamentele programarii', 3, 1, 'sallybreeden', 1, 204, 1);
INSERT INTO "course"(cid, name, fid, year, teacher, semester, maxstudents, priority) VALUES (57, 'Matematica de baza', 3, 1, 'hectorknowles', 1, 152, 3);
INSERT INTO "course"(cid, name, fid, year, teacher, semester, maxstudents, priority) VALUES (58, 'Algebra 2', 3, 1, 'kristenladay', 2, 158, 1);
INSERT INTO "course"(cid, name, fid, year, teacher, semester, maxstudents, priority) VALUES (59, 'Structuri de date si algoritmi', 3, 1, 'florencegaliano', 2, 151, 1);
INSERT INTO "course"(cid, name, fid, year, teacher, semester, maxstudents, priority) VALUES (60, 'OOP', 3, 1, 'sallybreeden', 2, 199, 1);
INSERT INTO "course"(cid, name, fid, year, teacher, semester, maxstudents, priority) VALUES (61, 'Metode avansate de rezolvare a problemelor de matematica i informatica', 3, 1, 'victorlovingood', 2, 210, 3);
INSERT INTO "course"(cid, name, fid, year, teacher, semester, maxstudents, priority) VALUES (62, 'Topologie', 3, 2, 'robertford', 3, 162, 1);
INSERT INTO "course"(cid, name, fid, year, teacher, semester, maxstudents, priority) VALUES (63, 'Baze de date', 3, 2, 'nettiewashington', 3, 157, 1);
INSERT INTO "course"(cid, name, fid, year, teacher, semester, maxstudents, priority) VALUES (64, 'Ecuatii diferentiale', 3, 2, 'julieurbina', 3, 174, 1);
INSERT INTO "course"(cid, name, fid, year, teacher, semester, maxstudents, priority) VALUES (65, 'Medii de proiectare si programare', 3, 2, 'jaredmyers', 4, 154, 1);
INSERT INTO "course"(cid, name, fid, year, teacher, semester, maxstudents, priority) VALUES (66, 'Analiza numerica', 3, 2, 'dorishinds', 4, 196, 1);
INSERT INTO "course"(cid, name, fid, year, teacher, semester, maxstudents, priority) VALUES (67, 'Modelare matematica', 3, 2, 'dorishinds', 4, 202, 2);
INSERT INTO "course"(cid, name, fid, year, teacher, semester, maxstudents, priority) VALUES (68, 'Programare paralela si distribuita', 3, 3, 'jacquelineodell', 5, 197, 1);
INSERT INTO "course"(cid, name, fid, year, teacher, semester, maxstudents, priority) VALUES (69, 'Analiza functionala', 3, 3, 'adamabrams', 5, 193, 1);
INSERT INTO "course"(cid, name, fid, year, teacher, semester, maxstudents, priority) VALUES (70, 'Matematica operatiunilor financiare', 3, 3, 'judymorgan', 5, 205, 2);
INSERT INTO "course"(cid, name, fid, year, teacher, semester, maxstudents, priority) VALUES (71, 'Protocoale specializate in retele de calculatoare', 3, 3, 'caroltucker', 5, 173, 2);
INSERT INTO "course"(cid, name, fid, year, teacher, semester, maxstudents, priority) VALUES (72, 'Metode numerice in mecanica', 3, 3, 'johnnoriega', 5, 188, 2);
INSERT INTO "course"(cid, name, fid, year, teacher, semester, maxstudents, priority) VALUES (73, 'Complemente de algebra', 3, 3, 'tonynailor', 5, 177, 2);
INSERT INTO "course"(cid, name, fid, year, teacher, semester, maxstudents, priority) VALUES (74, 'Verificarea si validarea sistemelor soft', 3, 3, 'francesjohnson', 6, 201, 1);
INSERT INTO "course"(cid, name, fid, year, teacher, semester, maxstudents, priority) VALUES (75, 'Complemente de mecanica si astronomie', 3, 3, 'sandrajohnson', 6, 173, 2);
INSERT INTO "course"(cid, name, fid, year, teacher, semester, maxstudents, priority) VALUES (76, 'Invatare interactiva', 3, 3, 'brandonhart', 6, 170, 2);
INSERT INTO "course"(cid, name, fid, year, teacher, semester, maxstudents, priority) VALUES (77, 'Algebra', 4, 1, 'duanemorris', 1, 166, 1);
INSERT INTO "course"(cid, name, fid, year, teacher, semester, maxstudents, priority) VALUES (78, 'Analiza', 4, 1, 'tonynailor', 1, 157, 1);
INSERT INTO "course"(cid, name, fid, year, teacher, semester, maxstudents, priority) VALUES (79, 'Chimie generala', 4, 1, 'esthercollman', 1, 160, 3);
INSERT INTO "course"(cid, name, fid, year, teacher, semester, maxstudents, priority) VALUES (80, 'Termodinamica', 4, 1, 'francesjohnson', 2, 209, 1);
INSERT INTO "course"(cid, name, fid, year, teacher, semester, maxstudents, priority) VALUES (81, 'Ecuatii diferentiale', 4, 1, 'sandrajohnson', 2, 183, 1);
INSERT INTO "course"(cid, name, fid, year, teacher, semester, maxstudents, priority) VALUES (82, 'Informatica aplicaa in fizica', 4, 1, 'kristenladay', 2, 169, 3);
INSERT INTO "course"(cid, name, fid, year, teacher, semester, maxstudents, priority) VALUES (83, 'Optica', 4, 2, 'randycandelaria', 3, 152, 1);
INSERT INTO "course"(cid, name, fid, year, teacher, semester, maxstudents, priority) VALUES (84, 'Electronica', 4, 2, 'nettiewashington', 3, 200, 1);
INSERT INTO "course"(cid, name, fid, year, teacher, semester, maxstudents, priority) VALUES (85, 'Mecanica cuantica', 4, 2, 'julieurbina', 3, 165, 3);
INSERT INTO "course"(cid, name, fid, year, teacher, semester, maxstudents, priority) VALUES (86, 'Fizica nucleara', 4, 2, 'johnnoriega', 4, 205, 1);
INSERT INTO "course"(cid, name, fid, year, teacher, semester, maxstudents, priority) VALUES (87, 'Fizica atomului', 4, 2, 'markfinkbeiner', 4, 190, 1);
INSERT INTO "course"(cid, name, fid, year, teacher, semester, maxstudents, priority) VALUES (88, 'Optia 2', 4, 2, 'roscoenewman', 4, 156, 3);
INSERT INTO "course"(cid, name, fid, year, teacher, semester, maxstudents, priority) VALUES (89, 'Fizica moleculei', 4, 3, 'williamaxelson', 5, 212, 1);
INSERT INTO "course"(cid, name, fid, year, teacher, semester, maxstudents, priority) VALUES (90, 'Fizica solidului', 4, 3, 'anthonycabrera', 5, 200, 1);
INSERT INTO "course"(cid, name, fid, year, teacher, semester, maxstudents, priority) VALUES (91, 'Spectroscopie si laseri', 4, 3, 'judymorgan', 5, 175, 2);
INSERT INTO "course"(cid, name, fid, year, teacher, semester, maxstudents, priority) VALUES (92, 'Fizica semiconductorului', 4, 3, 'nicholasfreeman', 6, 169, 1);
INSERT INTO "course"(cid, name, fid, year, teacher, semester, maxstudents, priority) VALUES (93, 'Curs optional 1', 4, 3, 'eliasrobbins', 6, 189, 2);
INSERT INTO "course"(cid, name, fid, year, teacher, semester, maxstudents, priority) VALUES (94, 'Curs optional 2', 4, 3, 'caroltucker', 6, 184, 2);
INSERT INTO "course"(cid, name, fid, year, teacher, semester, maxstudents, priority) VALUES (95, 'Algebra', 5, 1, 'christinelott', 1, 159, 1);
INSERT INTO "course"(cid, name, fid, year, teacher, semester, maxstudents, priority) VALUES (96, 'Analiza', 5, 1, 'omarammons', 1, 175, 1);
INSERT INTO "course"(cid, name, fid, year, teacher, semester, maxstudents, priority) VALUES (97, 'Fundamentele Programarii', 5, 1, 'sherrietebow', 1, 195, 3);
INSERT INTO "course"(cid, name, fid, year, teacher, semester, maxstudents, priority) VALUES (98, 'Termodinamica', 5, 1, 'samkelly', 2, 187, 1);
INSERT INTO "course"(cid, name, fid, year, teacher, semester, maxstudents, priority) VALUES (99, 'Ecuatii diferentiale', 5, 1, 'kristenladay', 2, 154, 1);
INSERT INTO "course"(cid, name, fid, year, teacher, semester, maxstudents, priority) VALUES (100, 'OOP', 5, 1, 'yvettechen', 2, 199, 3);
INSERT INTO "course"(cid, name, fid, year, teacher, semester, maxstudents, priority) VALUES (101, 'Optica', 5, 2, 'douglashema', 3, 200, 1);
INSERT INTO "course"(cid, name, fid, year, teacher, semester, maxstudents, priority) VALUES (102, 'Electronica', 5, 2, 'nolavarela', 3, 195, 1);
INSERT INTO "course"(cid, name, fid, year, teacher, semester, maxstudents, priority) VALUES (103, 'Mecanica cuantica', 5, 2, 'markfinkbeiner', 3, 169, 3);
INSERT INTO "course"(cid, name, fid, year, teacher, semester, maxstudents, priority) VALUES (104, 'Fizica nucleara', 5, 2, 'barbaramitchell', 4, 150, 1);
INSERT INTO "course"(cid, name, fid, year, teacher, semester, maxstudents, priority) VALUES (105, 'Metode avansate de programare', 5, 2, 'dianesheffield', 4, 197, 1);
INSERT INTO "course"(cid, name, fid, year, teacher, semester, maxstudents, priority) VALUES (106, 'Optia 2', 5, 2, 'joannefelix', 4, 201, 3);
INSERT INTO "course"(cid, name, fid, year, teacher, semester, maxstudents, priority) VALUES (107, 'Fizica moleculei', 5, 3, 'danielnelson', 5, 209, 1);
INSERT INTO "course"(cid, name, fid, year, teacher, semester, maxstudents, priority) VALUES (108, 'Sisteme de operare', 5, 3, 'douglashema', 5, 166, 1);
INSERT INTO "course"(cid, name, fid, year, teacher, semester, maxstudents, priority) VALUES (109, 'Spectroscopie si laseri', 5, 3, 'marklindquist', 5, 150, 2);
INSERT INTO "course"(cid, name, fid, year, teacher, semester, maxstudents, priority) VALUES (110, 'Fizica semiconductorului', 5, 3, 'duanemorris', 6, 179, 1);
INSERT INTO "course"(cid, name, fid, year, teacher, semester, maxstudents, priority) VALUES (111, 'Curs optional 1', 5, 3, 'tarachirinos', 6, 214, 2);
INSERT INTO "course"(cid, name, fid, year, teacher, semester, maxstudents, priority) VALUES (112, 'Curs optional 2', 5, 3, 'barbaramitchell', 6, 172, 2);
INSERT INTO "course"(cid, name, fid, year, teacher, semester, maxstudents, priority) VALUES (113, 'Algebra', 6, 1, 'francesjohnson', 1, 175, 1);
INSERT INTO "course"(cid, name, fid, year, teacher, semester, maxstudents, priority) VALUES (114, 'Analiza', 6, 1, 'marklindquist', 1, 202, 1);
INSERT INTO "course"(cid, name, fid, year, teacher, semester, maxstudents, priority) VALUES (115, 'Chimie generala', 6, 1, 'kristenladay', 1, 176, 1);
INSERT INTO "course"(cid, name, fid, year, teacher, semester, maxstudents, priority) VALUES (116, 'Termodinamica', 6, 1, 'jamesbrooks', 2, 194, 1);
INSERT INTO "course"(cid, name, fid, year, teacher, semester, maxstudents, priority) VALUES (117, 'Ecuatii diferentiale', 6, 1, 'katrinabowers', 2, 209, 1);
INSERT INTO "course"(cid, name, fid, year, teacher, semester, maxstudents, priority) VALUES (118, 'Informatica aplicaa in fizica', 6, 1, 'bettyhuston', 2, 183, 3);
INSERT INTO "course"(cid, name, fid, year, teacher, semester, maxstudents, priority) VALUES (119, 'Biofizica', 6, 2, 'marthastout', 3, 206, 1);
INSERT INTO "course"(cid, name, fid, year, teacher, semester, maxstudents, priority) VALUES (120, 'Biochimie', 6, 2, 'janicegordon', 3, 159, 1);
INSERT INTO "course"(cid, name, fid, year, teacher, semester, maxstudents, priority) VALUES (121, 'Optica', 6, 2, 'roscoenewman', 3, 214, 3);
INSERT INTO "course"(cid, name, fid, year, teacher, semester, maxstudents, priority) VALUES (122, 'Fizica nucleara', 6, 2, 'jessicathomas', 4, 212, 1);
INSERT INTO "course"(cid, name, fid, year, teacher, semester, maxstudents, priority) VALUES (123, 'Fizica atomului', 6, 2, 'randycandelaria', 4, 166, 1);
INSERT INTO "course"(cid, name, fid, year, teacher, semester, maxstudents, priority) VALUES (124, 'Optia 2', 6, 2, 'florencegaliano', 4, 171, 3);
INSERT INTO "course"(cid, name, fid, year, teacher, semester, maxstudents, priority) VALUES (125, 'Fizica moleculei', 6, 3, 'jacquelineodell', 5, 158, 1);
INSERT INTO "course"(cid, name, fid, year, teacher, semester, maxstudents, priority) VALUES (126, 'Fizica solidului', 6, 3, 'jessesnider', 5, 189, 1);
INSERT INTO "course"(cid, name, fid, year, teacher, semester, maxstudents, priority) VALUES (127, 'Medicina nucleara', 6, 3, 'mikehernandez', 5, 189, 2);
INSERT INTO "course"(cid, name, fid, year, teacher, semester, maxstudents, priority) VALUES (128, 'Radiologie', 6, 3, 'marylongo', 6, 155, 1);
INSERT INTO "course"(cid, name, fid, year, teacher, semester, maxstudents, priority) VALUES (129, 'Curs optional 1', 6, 3, 'marylongo', 6, 186, 2);
INSERT INTO "course"(cid, name, fid, year, teacher, semester, maxstudents, priority) VALUES (130, 'Curs optional 2', 6, 3, 'ameliahemming', 6, 205, 2);
INSERT INTO "course"(cid, name, fid, year, teacher, semester, maxstudents, priority) VALUES (131, 'Introducere in istoria veche universala', 7, 1, 'sandrajohnson', 1, 170, 1);
INSERT INTO "course"(cid, name, fid, year, teacher, semester, maxstudents, priority) VALUES (132, 'Introducere in istoria veche a Romniei', 7, 1, 'jeromedenton', 1, 155, 1);
INSERT INTO "course"(cid, name, fid, year, teacher, semester, maxstudents, priority) VALUES (133, 'stiintele auxiliare ale istoriei', 7, 1, 'judymorgan', 1, 170, 3);
INSERT INTO "course"(cid, name, fid, year, teacher, semester, maxstudents, priority) VALUES (134, 'Introducere in istoria medie universala', 7, 1, 'joannefelix', 2, 159, 1);
INSERT INTO "course"(cid, name, fid, year, teacher, semester, maxstudents, priority) VALUES (135, 'Istoria Bizantului', 7, 1, 'francesjohnson', 2, 214, 1);
INSERT INTO "course"(cid, name, fid, year, teacher, semester, maxstudents, priority) VALUES (136, 'Introducere in metodologia cercetarii stiintifice', 7, 1, 'hectorknowles', 2, 178, 3);
INSERT INTO "course"(cid, name, fid, year, teacher, semester, maxstudents, priority) VALUES (137, 'Introducere in istoria moderna universala', 7, 2, 'jessicathomas', 3, 209, 1);
INSERT INTO "course"(cid, name, fid, year, teacher, semester, maxstudents, priority) VALUES (138, 'Relaii internaionale in secolele XVIII-XIX', 7, 2, 'marieraymond', 3, 152, 1);
INSERT INTO "course"(cid, name, fid, year, teacher, semester, maxstudents, priority) VALUES (139, 'Istoria mentalitailor colective', 7, 2, 'hectorknowles', 3, 202, 3);
INSERT INTO "course"(cid, name, fid, year, teacher, semester, maxstudents, priority) VALUES (140, 'Introducere in istoria contemporana universala', 7, 2, 'jameswetmore', 4, 198, 1);
INSERT INTO "course"(cid, name, fid, year, teacher, semester, maxstudents, priority) VALUES (141, 'Introducere in istoria contemporana a Romniei', 7, 2, 'francespergola', 4, 182, 1);
INSERT INTO "course"(cid, name, fid, year, teacher, semester, maxstudents, priority) VALUES (142, 'Istoria integrarii europene', 7, 2, 'tonynailor', 4, 174, 3);
INSERT INTO "course"(cid, name, fid, year, teacher, semester, maxstudents, priority) VALUES (143, 'Istoria si teoria artei', 7, 3, 'marthastout', 5, 187, 1);
INSERT INTO "course"(cid, name, fid, year, teacher, semester, maxstudents, priority) VALUES (144, 'Paleografii 1', 7, 3, 'paulahabbyshaw', 5, 160, 1);
INSERT INTO "course"(cid, name, fid, year, teacher, semester, maxstudents, priority) VALUES (145, 'Curs special 1', 7, 3, 'marthastout', 5, 213, 2);
INSERT INTO "course"(cid, name, fid, year, teacher, semester, maxstudents, priority) VALUES (146, 'Introducere in teoria istoriei', 7, 3, 'caroltucker', 6, 161, 1);
INSERT INTO "course"(cid, name, fid, year, teacher, semester, maxstudents, priority) VALUES (147, 'Paleografii 2', 7, 3, 'marybishop', 6, 192, 1);
INSERT INTO "course"(cid, name, fid, year, teacher, semester, maxstudents, priority) VALUES (148, 'Curs optional 2: Limba izvoarelor II - latina', 7, 3, 'victorlovingood', 6, 174, 2);
INSERT INTO "course"(cid, name, fid, year, teacher, semester, maxstudents, priority) VALUES (149, 'Geografie generala', 8, 1, 'robertford', 1, 154, 1);
INSERT INTO "course"(cid, name, fid, year, teacher, semester, maxstudents, priority) VALUES (150, 'Geologie generala', 8, 1, 'victorlovingood', 1, 213, 1);
INSERT INTO "course"(cid, name, fid, year, teacher, semester, maxstudents, priority) VALUES (151, 'Fundamente de antreprenoriat', 8, 1, 'samkelly', 1, 210, 1);
INSERT INTO "course"(cid, name, fid, year, teacher, semester, maxstudents, priority) VALUES (152, 'Geomorfologie', 8, 1, 'eliasrobbins', 2, 172, 1);
INSERT INTO "course"(cid, name, fid, year, teacher, semester, maxstudents, priority) VALUES (153, 'Geografie regionala', 8, 1, 'laurielandes', 2, 203, 1);
INSERT INTO "course"(cid, name, fid, year, teacher, semester, maxstudents, priority) VALUES (154, 'Fundamente de antreprenoriat 2', 8, 1, 'mikehernandez', 2, 214, 3);
INSERT INTO "course"(cid, name, fid, year, teacher, semester, maxstudents, priority) VALUES (155, 'Geografia asezarilor', 8, 2, 'christinelott', 3, 206, 1);
INSERT INTO "course"(cid, name, fid, year, teacher, semester, maxstudents, priority) VALUES (156, 'Geografia fizica a romaniei', 8, 2, 'renataflink', 3, 212, 1);
INSERT INTO "course"(cid, name, fid, year, teacher, semester, maxstudents, priority) VALUES (157, 'Toponomie geografica', 8, 2, 'marybishop', 3, 160, 2);
INSERT INTO "course"(cid, name, fid, year, teacher, semester, maxstudents, priority) VALUES (158, 'Geografia umana a romaniei', 8, 2, 'nolavarela', 4, 192, 1);
INSERT INTO "course"(cid, name, fid, year, teacher, semester, maxstudents, priority) VALUES (159, 'Pedogeografie', 8, 2, 'christielee', 4, 163, 1);
INSERT INTO "course"(cid, name, fid, year, teacher, semester, maxstudents, priority) VALUES (160, 'Geografia uniunii europene', 8, 2, 'marylongo', 4, 206, 2);
INSERT INTO "course"(cid, name, fid, year, teacher, semester, maxstudents, priority) VALUES (161, 'Geografia peisajului', 8, 3, 'sandrajohnson', 5, 206, 1);
INSERT INTO "course"(cid, name, fid, year, teacher, semester, maxstudents, priority) VALUES (162, 'Organizarea spatiului geografic', 8, 3, 'nicholasfreeman', 5, 193, 1);
INSERT INTO "course"(cid, name, fid, year, teacher, semester, maxstudents, priority) VALUES (163, 'Geografie sociala', 8, 3, 'sherrietebow', 5, 202, 2);
INSERT INTO "course"(cid, name, fid, year, teacher, semester, maxstudents, priority) VALUES (164, 'Geografia turismului', 8, 3, 'johnnoriega', 6, 176, 1);
INSERT INTO "course"(cid, name, fid, year, teacher, semester, maxstudents, priority) VALUES (165, 'Planificare teritoriala', 8, 3, 'brandonhart', 6, 209, 2);
INSERT INTO "course"(cid, name, fid, year, teacher, semester, maxstudents, priority) VALUES (166, 'Oceanografie', 8, 3, 'victorlovingood', 6, 163, 2);
INSERT INTO "course"(cid, name, fid, year, teacher, semester, maxstudents, priority) VALUES (167, 'Geografie generala', 9, 1, 'richardhyslop', 1, 192, 1);
INSERT INTO "course"(cid, name, fid, year, teacher, semester, maxstudents, priority) VALUES (168, 'Geografie generala a turismului', 9, 1, 'dorishinds', 1, 186, 1);
INSERT INTO "course"(cid, name, fid, year, teacher, semester, maxstudents, priority) VALUES (169, 'Fundamente de antreprenoriat', 9, 1, 'dianesheffield', 1, 159, 1);
INSERT INTO "course"(cid, name, fid, year, teacher, semester, maxstudents, priority) VALUES (170, 'Geografia regionala a romaniei', 9, 1, 'mikehernandez', 2, 182, 1);
INSERT INTO "course"(cid, name, fid, year, teacher, semester, maxstudents, priority) VALUES (171, 'Arhitectura in turism', 9, 1, 'danielnelson', 2, 163, 1);
INSERT INTO "course"(cid, name, fid, year, teacher, semester, maxstudents, priority) VALUES (172, 'Fundamente de antreprenoriat 2', 9, 1, 'anthonycabrera', 2, 183, 3);
INSERT INTO "course"(cid, name, fid, year, teacher, semester, maxstudents, priority) VALUES (173, 'Geografia turismului in Romania', 9, 2, 'francesjohnson', 3, 200, 1);
INSERT INTO "course"(cid, name, fid, year, teacher, semester, maxstudents, priority) VALUES (174, 'Organizarea intreprinderilor si serviciilor in turism', 9, 2, 'duanemorris', 3, 192, 1);
INSERT INTO "course"(cid, name, fid, year, teacher, semester, maxstudents, priority) VALUES (175, 'Cultura si civilizatie britanica', 9, 2, 'jacquelineodell', 3, 213, 3);
INSERT INTO "course"(cid, name, fid, year, teacher, semester, maxstudents, priority) VALUES (176, 'Management turistic', 9, 2, 'marklindquist', 4, 157, 1);
INSERT INTO "course"(cid, name, fid, year, teacher, semester, maxstudents, priority) VALUES (177, 'Comunicare si imagine in turism', 9, 2, 'williamaxelson', 4, 178, 1);
INSERT INTO "course"(cid, name, fid, year, teacher, semester, maxstudents, priority) VALUES (178, 'Istoria turismului', 9, 2, 'victorlovingood', 4, 201, 2);
INSERT INTO "course"(cid, name, fid, year, teacher, semester, maxstudents, priority) VALUES (179, 'Prospectare si strategii de dezvoltare turistica', 9, 3, 'douglashema', 5, 178, 1);
INSERT INTO "course"(cid, name, fid, year, teacher, semester, maxstudents, priority) VALUES (180, 'Ecoturism i dezvoltare durabila', 9, 3, 'duanemorris', 5, 155, 1);
INSERT INTO "course"(cid, name, fid, year, teacher, semester, maxstudents, priority) VALUES (181, 'Turism rural', 9, 3, 'ameliahemming', 5, 151, 2);
INSERT INTO "course"(cid, name, fid, year, teacher, semester, maxstudents, priority) VALUES (182, 'Geografie economica', 9, 3, 'jacquelineodell', 6, 210, 1);
INSERT INTO "course"(cid, name, fid, year, teacher, semester, maxstudents, priority) VALUES (183, 'Economia turismului i intreprinderii de turism', 9, 3, 'nicholasfreeman', 6, 175, 2);
INSERT INTO "course"(cid, name, fid, year, teacher, semester, maxstudents, priority) VALUES (184, 'Geografie sociala', 9, 3, 'eliasrobbins', 6, 180, 2);

INSERT INTO "optional_course"(cid, username) VALUES (19, 'renataflink');
INSERT INTO "optional_course"(cid, username) VALUES (20, 'tarachirinos');
INSERT INTO "optional_course"(cid, username) VALUES (21, 'jamesbrooks');
INSERT INTO "optional_course"(cid, username) VALUES (22, 'ameliahemming');
INSERT INTO "optional_course"(cid, username) VALUES (25, 'samkelly');
INSERT INTO "optional_course"(cid, username) VALUES (26, 'paulahabbyshaw');
INSERT INTO "optional_course"(cid, username) VALUES (27, 'nolavarela');
INSERT INTO "optional_course"(cid, username) VALUES (28, 'laurielandes');
INSERT INTO "optional_course"(cid, username) VALUES (40, 'francespergola');
INSERT INTO "optional_course"(cid, username) VALUES (43, 'johnschmid');
INSERT INTO "optional_course"(cid, username) VALUES (44, 'duanemorris');
INSERT INTO "optional_course"(cid, username) VALUES (47, 'jacquelineodell');
INSERT INTO "optional_course"(cid, username) VALUES (48, 'johnnoriega');
INSERT INTO "optional_course"(cid, username) VALUES (49, 'dianesheffield');
INSERT INTO "optional_course"(cid, username) VALUES (50, 'ameliahemming');
INSERT INTO "optional_course"(cid, username) VALUES (52, 'brandonhart');
INSERT INTO "optional_course"(cid, username) VALUES (53, 'ameliahemming');
INSERT INTO "optional_course"(cid, username) VALUES (67, 'dorishinds');
INSERT INTO "optional_course"(cid, username) VALUES (70, 'judymorgan');
INSERT INTO "optional_course"(cid, username) VALUES (71, 'caroltucker');
INSERT INTO "optional_course"(cid, username) VALUES (72, 'johnnoriega');
INSERT INTO "optional_course"(cid, username) VALUES (73, 'tonynailor');
INSERT INTO "optional_course"(cid, username) VALUES (75, 'sandrajohnson');
INSERT INTO "optional_course"(cid, username) VALUES (76, 'brandonhart');
INSERT INTO "optional_course"(cid, username) VALUES (91, 'judymorgan');
INSERT INTO "optional_course"(cid, username) VALUES (93, 'eliasrobbins');
INSERT INTO "optional_course"(cid, username) VALUES (94, 'caroltucker');
INSERT INTO "optional_course"(cid, username) VALUES (109, 'marklindquist');
INSERT INTO "optional_course"(cid, username) VALUES (111, 'tarachirinos');
INSERT INTO "optional_course"(cid, username) VALUES (112, 'barbaramitchell');
INSERT INTO "optional_course"(cid, username) VALUES (127, 'mikehernandez');
INSERT INTO "optional_course"(cid, username) VALUES (129, 'marylongo');
INSERT INTO "optional_course"(cid, username) VALUES (130, 'ameliahemming');
INSERT INTO "optional_course"(cid, username) VALUES (145, 'marthastout');
INSERT INTO "optional_course"(cid, username) VALUES (148, 'victorlovingood');
INSERT INTO "optional_course"(cid, username) VALUES (157, 'marybishop');
INSERT INTO "optional_course"(cid, username) VALUES (160, 'marylongo');
INSERT INTO "optional_course"(cid, username) VALUES (163, 'sherrietebow');
INSERT INTO "optional_course"(cid, username) VALUES (165, 'brandonhart');
INSERT INTO "optional_course"(cid, username) VALUES (166, 'victorlovingood');
INSERT INTO "optional_course"(cid, username) VALUES (178, 'victorlovingood');
INSERT INTO "optional_course"(cid, username) VALUES (181, 'ameliahemming');
INSERT INTO "optional_course"(cid, username) VALUES (183, 'nicholasfreeman');
INSERT INTO "optional_course"(cid, username) VALUES (184, 'eliasrobbins');

INSERT INTO "studentenrollment"(username, fid, year) VALUES ('justinajohnston', 9, 3);
INSERT INTO "studentenrollment"(username, fid, year) VALUES ('vanessamerten', 9, 2);
INSERT INTO "studentenrollment"(username, fid, year) VALUES ('williamyoung', 7, 3);
INSERT INTO "studentenrollment"(username, fid, year) VALUES ('pauljackson', 4, 2);
INSERT INTO "studentenrollment"(username, fid, year) VALUES ('dextermiller', 8, 2);
INSERT INTO "studentenrollment"(username, fid, year) VALUES ('margaretrecio', 3, 2);
INSERT INTO "studentenrollment"(username, fid, year) VALUES ('darrelldevito', 9, 2);
INSERT INTO "studentenrollment"(username, fid, year) VALUES ('eugeneanderson', 1, 3);
INSERT INTO "studentenrollment"(username, fid, year) VALUES ('eugeneanderson', 6, 1);
INSERT INTO "studentenrollment"(username, fid, year) VALUES ('dannyrico', 5, 3);
INSERT INTO "studentenrollment"(username, fid, year) VALUES ('gladysowens', 4, 3);
INSERT INTO "studentenrollment"(username, fid, year) VALUES ('suzannetonner', 8, 3);
INSERT INTO "studentenrollment"(username, fid, year) VALUES ('susanstrobel', 5, 2);
INSERT INTO "studentenrollment"(username, fid, year) VALUES ('stephanbrown', 4, 1);
INSERT INTO "studentenrollment"(username, fid, year) VALUES ('stephanbrown', 9, 1);
INSERT INTO "studentenrollment"(username, fid, year) VALUES ('kimgilligan', 5, 3);
INSERT INTO "studentenrollment"(username, fid, year) VALUES ('richardgray', 1, 2);
INSERT INTO "studentenrollment"(username, fid, year) VALUES ('glenncerda', 5, 1);
INSERT INTO "studentenrollment"(username, fid, year) VALUES ('jacquelinebecerra', 1, 1);
INSERT INTO "studentenrollment"(username, fid, year) VALUES ('carlossimoneau', 5, 1);
INSERT INTO "studentenrollment"(username, fid, year) VALUES ('robertshepard', 5, 1);
INSERT INTO "studentenrollment"(username, fid, year) VALUES ('gailflatt', 2, 1);
INSERT INTO "studentenrollment"(username, fid, year) VALUES ('jimmyfitzsimmons', 8, 2);
INSERT INTO "studentenrollment"(username, fid, year) VALUES ('lillianduffey', 3, 1);
INSERT INTO "studentenrollment"(username, fid, year) VALUES ('kerilugo', 4, 3);
INSERT INTO "studentenrollment"(username, fid, year) VALUES ('jamesjackson', 4, 2);
INSERT INTO "studentenrollment"(username, fid, year) VALUES ('carlosturner', 3, 3);
INSERT INTO "studentenrollment"(username, fid, year) VALUES ('carlosturner', 4, 3);
INSERT INTO "studentenrollment"(username, fid, year) VALUES ('bethgallegos', 2, 3);
INSERT INTO "studentenrollment"(username, fid, year) VALUES ('donnasmith', 1, 1);
INSERT INTO "studentenrollment"(username, fid, year) VALUES ('michaelhamrick', 3, 3);
INSERT INTO "studentenrollment"(username, fid, year) VALUES ('frankbelden', 2, 1);
INSERT INTO "studentenrollment"(username, fid, year) VALUES ('davidwestbrook', 9, 1);
INSERT INTO "studentenrollment"(username, fid, year) VALUES ('mauricemclean', 3, 1);
INSERT INTO "studentenrollment"(username, fid, year) VALUES ('karenbono', 3, 3);
INSERT INTO "studentenrollment"(username, fid, year) VALUES ('robertholman', 5, 2);
INSERT INTO "studentenrollment"(username, fid, year) VALUES ('ellenmccoy', 8, 1);
INSERT INTO "studentenrollment"(username, fid, year) VALUES ('eufemiasingh', 2, 2);
INSERT INTO "studentenrollment"(username, fid, year) VALUES ('patriciacatano', 2, 1);
INSERT INTO "studentenrollment"(username, fid, year) VALUES ('wilfredgebhart', 7, 1);
INSERT INTO "studentenrollment"(username, fid, year) VALUES ('gaylecleghorn', 7, 2);
INSERT INTO "studentenrollment"(username, fid, year) VALUES ('anthonynasta', 4, 1);
INSERT INTO "studentenrollment"(username, fid, year) VALUES ('vaughnraphael', 4, 3);
INSERT INTO "studentenrollment"(username, fid, year) VALUES ('vaughnraphael', 7, 1);
INSERT INTO "studentenrollment"(username, fid, year) VALUES ('fredmartin', 1, 3);
INSERT INTO "studentenrollment"(username, fid, year) VALUES ('robertdansby', 7, 3);
INSERT INTO "studentenrollment"(username, fid, year) VALUES ('barbaraharmon', 3, 1);
INSERT INTO "studentenrollment"(username, fid, year) VALUES ('pauldarling', 7, 3);
INSERT INTO "studentenrollment"(username, fid, year) VALUES ('pauldarling', 8, 2);
INSERT INTO "studentenrollment"(username, fid, year) VALUES ('jameslashley', 6, 2);
INSERT INTO "studentenrollment"(username, fid, year) VALUES ('philliptorres', 6, 3);
INSERT INTO "studentenrollment"(username, fid, year) VALUES ('patriciadeluca', 3, 1);
INSERT INTO "studentenrollment"(username, fid, year) VALUES ('lisajohnson', 4, 3);
INSERT INTO "studentenrollment"(username, fid, year) VALUES ('lisajohnson', 8, 3);
INSERT INTO "studentenrollment"(username, fid, year) VALUES ('lindavorpahl', 7, 2);
INSERT INTO "studentenrollment"(username, fid, year) VALUES ('gregoryrichardson', 8, 3);
INSERT INTO "studentenrollment"(username, fid, year) VALUES ('charleswegener', 3, 2);
INSERT INTO "studentenrollment"(username, fid, year) VALUES ('karivanderhorst', 8, 3);
INSERT INTO "studentenrollment"(username, fid, year) VALUES ('karivanderhorst', 9, 2);
INSERT INTO "studentenrollment"(username, fid, year) VALUES ('ericcarson', 9, 2);
INSERT INTO "studentenrollment"(username, fid, year) VALUES ('ismaelcook', 4, 3);
INSERT INTO "studentenrollment"(username, fid, year) VALUES ('robertcarney', 1, 3);
INSERT INTO "studentenrollment"(username, fid, year) VALUES ('davidmills', 7, 3);
INSERT INTO "studentenrollment"(username, fid, year) VALUES ('curtisleboeuf', 4, 2);
INSERT INTO "studentenrollment"(username, fid, year) VALUES ('ashleyhernandez', 1, 3);
INSERT INTO "studentenrollment"(username, fid, year) VALUES ('quintonbanks', 7, 1);
INSERT INTO "studentenrollment"(username, fid, year) VALUES ('craigjaillet', 8, 1);
INSERT INTO "studentenrollment"(username, fid, year) VALUES ('martinkelter', 2, 2);
INSERT INTO "studentenrollment"(username, fid, year) VALUES ('reginaldestrada', 4, 1);
INSERT INTO "studentenrollment"(username, fid, year) VALUES ('lelamendoza', 7, 3);
INSERT INTO "studentenrollment"(username, fid, year) VALUES ('donnalarose', 3, 3);
INSERT INTO "studentenrollment"(username, fid, year) VALUES ('donnalarose', 9, 3);
INSERT INTO "studentenrollment"(username, fid, year) VALUES ('cherylmoore', 3, 1);
INSERT INTO "studentenrollment"(username, fid, year) VALUES ('aurorapickett', 8, 1);
INSERT INTO "studentenrollment"(username, fid, year) VALUES ('charlesbarrett', 9, 3);
INSERT INTO "studentenrollment"(username, fid, year) VALUES ('peggiewerner', 2, 2);
INSERT INTO "studentenrollment"(username, fid, year) VALUES ('suzannescarborough', 3, 1);
INSERT INTO "studentenrollment"(username, fid, year) VALUES ('jesusbelair', 9, 2);
INSERT INTO "studentenrollment"(username, fid, year) VALUES ('irenedeaton', 7, 3);
INSERT INTO "studentenrollment"(username, fid, year) VALUES ('charlesscobee', 9, 3);
INSERT INTO "studentenrollment"(username, fid, year) VALUES ('davidholmes', 7, 1);
INSERT INTO "studentenrollment"(username, fid, year) VALUES ('williamwilliams', 6, 3);
INSERT INTO "studentenrollment"(username, fid, year) VALUES ('luisharper', 5, 1);
INSERT INTO "studentenrollment"(username, fid, year) VALUES ('karlkerber', 2, 3);
INSERT INTO "studentenrollment"(username, fid, year) VALUES ('kevinwatts', 9, 1);
INSERT INTO "studentenrollment"(username, fid, year) VALUES ('rickyminihane', 8, 3);
INSERT INTO "studentenrollment"(username, fid, year) VALUES ('chadprice', 8, 2);
INSERT INTO "studentenrollment"(username, fid, year) VALUES ('toddrosas', 7, 3);
INSERT INTO "studentenrollment"(username, fid, year) VALUES ('amyabbott', 2, 3);
INSERT INTO "studentenrollment"(username, fid, year) VALUES ('marjoriecochran', 2, 2);
INSERT INTO "studentenrollment"(username, fid, year) VALUES ('robchiarini', 5, 2);
INSERT INTO "studentenrollment"(username, fid, year) VALUES ('patriciabirnbaum', 6, 1);
INSERT INTO "studentenrollment"(username, fid, year) VALUES ('elbertschwarz', 8, 3);
INSERT INTO "studentenrollment"(username, fid, year) VALUES ('daledye', 9, 1);
INSERT INTO "studentenrollment"(username, fid, year) VALUES ('fredrickbrummett', 8, 3);
INSERT INTO "studentenrollment"(username, fid, year) VALUES ('russellparker', 8, 3);
INSERT INTO "studentenrollment"(username, fid, year) VALUES ('raymondjensen', 1, 3);
INSERT INTO "studentenrollment"(username, fid, year) VALUES ('raymondjensen', 9, 3);
INSERT INTO "studentenrollment"(username, fid, year) VALUES ('rogerhutchinson', 8, 3);
INSERT INTO "studentenrollment"(username, fid, year) VALUES ('tamihawk', 9, 2);
INSERT INTO "studentenrollment"(username, fid, year) VALUES ('dianeshipps', 8, 2);
INSERT INTO "studentenrollment"(username, fid, year) VALUES ('stanleyquintanilla', 3, 1);
INSERT INTO "studentenrollment"(username, fid, year) VALUES ('reneemartinez', 1, 2);
INSERT INTO "studentenrollment"(username, fid, year) VALUES ('johnboyd', 7, 2);
INSERT INTO "studentenrollment"(username, fid, year) VALUES ('maxieoneill', 9, 2);
INSERT INTO "studentenrollment"(username, fid, year) VALUES ('gerardyoung', 7, 1);
INSERT INTO "studentenrollment"(username, fid, year) VALUES ('agnesater', 8, 1);
INSERT INTO "studentenrollment"(username, fid, year) VALUES ('lisahaddad', 5, 1);
INSERT INTO "studentenrollment"(username, fid, year) VALUES ('romawatson', 6, 2);

INSERT INTO "optional_course_enrollment"(username, cid) VALUES ('peggiewerner', 109);
INSERT INTO "optional_course_enrollment"(username, cid) VALUES ('peggiewerner', 183);
INSERT INTO "optional_course_enrollment"(username, cid) VALUES ('curtisleboeuf', 111);
INSERT INTO "optional_course_enrollment"(username, cid) VALUES ('curtisleboeuf', 109);
INSERT INTO "optional_course_enrollment"(username, cid) VALUES ('curtisleboeuf', 112);
INSERT INTO "optional_course_enrollment"(username, cid) VALUES ('curtisleboeuf', 47);
INSERT INTO "optional_course_enrollment"(username, cid) VALUES ('curtisleboeuf', 178);
INSERT INTO "optional_course_enrollment"(username, cid) VALUES ('pauldarling', 165);
INSERT INTO "optional_course_enrollment"(username, cid) VALUES ('pauldarling', 22);
INSERT INTO "optional_course_enrollment"(username, cid) VALUES ('pauldarling', 157);
INSERT INTO "optional_course_enrollment"(username, cid) VALUES ('pauldarling', 53);
INSERT INTO "optional_course_enrollment"(username, cid) VALUES ('eufemiasingh', 20);
INSERT INTO "optional_course_enrollment"(username, cid) VALUES ('eufemiasingh', 130);
INSERT INTO "optional_course_enrollment"(username, cid) VALUES ('eufemiasingh', 178);
INSERT INTO "optional_course_enrollment"(username, cid) VALUES ('lisajohnson', 19);
INSERT INTO "optional_course_enrollment"(username, cid) VALUES ('lisajohnson', 165);
INSERT INTO "optional_course_enrollment"(username, cid) VALUES ('lisajohnson', 52);
INSERT INTO "optional_course_enrollment"(username, cid) VALUES ('lisajohnson', 163);
INSERT INTO "optional_course_enrollment"(username, cid) VALUES ('ericcarson', 40);
INSERT INTO "optional_course_enrollment"(username, cid) VALUES ('davidmills', 25);
INSERT INTO "optional_course_enrollment"(username, cid) VALUES ('davidmills', 94);
INSERT INTO "optional_course_enrollment"(username, cid) VALUES ('davidmills', 22);
INSERT INTO "optional_course_enrollment"(username, cid) VALUES ('davidmills', 52);
INSERT INTO "optional_course_enrollment"(username, cid) VALUES ('davidmills', 48);
INSERT INTO "optional_course_enrollment"(username, cid) VALUES ('reneemartinez', 22);
INSERT INTO "optional_course_enrollment"(username, cid) VALUES ('reneemartinez', 148);
INSERT INTO "optional_course_enrollment"(username, cid) VALUES ('reneemartinez', 20);
INSERT INTO "optional_course_enrollment"(username, cid) VALUES ('reneemartinez', 19);
INSERT INTO "optional_course_enrollment"(username, cid) VALUES ('reneemartinez', 70);
INSERT INTO "optional_course_enrollment"(username, cid) VALUES ('karivanderhorst', 94);
INSERT INTO "optional_course_enrollment"(username, cid) VALUES ('karivanderhorst', 109);
INSERT INTO "optional_course_enrollment"(username, cid) VALUES ('karivanderhorst', 40);
INSERT INTO "optional_course_enrollment"(username, cid) VALUES ('karivanderhorst', 157);
INSERT INTO "optional_course_enrollment"(username, cid) VALUES ('vanessamerten', 19);
INSERT INTO "optional_course_enrollment"(username, cid) VALUES ('vanessamerten', 26);
INSERT INTO "optional_course_enrollment"(username, cid) VALUES ('vanessamerten', 160);
INSERT INTO "optional_course_enrollment"(username, cid) VALUES ('vanessamerten', 111);
INSERT INTO "optional_course_enrollment"(username, cid) VALUES ('vanessamerten', 130);
INSERT INTO "optional_course_enrollment"(username, cid) VALUES ('raymondjensen', 70);
INSERT INTO "optional_course_enrollment"(username, cid) VALUES ('margaretrecio', 145);
INSERT INTO "optional_course_enrollment"(username, cid) VALUES ('margaretrecio', 94);
INSERT INTO "optional_course_enrollment"(username, cid) VALUES ('margaretrecio', 130);
INSERT INTO "optional_course_enrollment"(username, cid) VALUES ('margaretrecio', 75);
INSERT INTO "optional_course_enrollment"(username, cid) VALUES ('pauldarling', 94);
INSERT INTO "optional_course_enrollment"(username, cid) VALUES ('gregoryrichardson', 157);
INSERT INTO "optional_course_enrollment"(username, cid) VALUES ('gregoryrichardson', 22);
INSERT INTO "optional_course_enrollment"(username, cid) VALUES ('gregoryrichardson', 25);
INSERT INTO "optional_course_enrollment"(username, cid) VALUES ('gregoryrichardson', 52);
INSERT INTO "optional_course_enrollment"(username, cid) VALUES ('philliptorres', 67);
INSERT INTO "optional_course_enrollment"(username, cid) VALUES ('philliptorres', 148);
INSERT INTO "optional_course_enrollment"(username, cid) VALUES ('philliptorres', 129);
INSERT INTO "optional_course_enrollment"(username, cid) VALUES ('philliptorres', 145);
INSERT INTO "optional_course_enrollment"(username, cid) VALUES ('philliptorres', 73);
INSERT INTO "optional_course_enrollment"(username, cid) VALUES ('darrelldevito', 157);
INSERT INTO "optional_course_enrollment"(username, cid) VALUES ('darrelldevito', 75);
INSERT INTO "optional_course_enrollment"(username, cid) VALUES ('darrelldevito', 148);
INSERT INTO "optional_course_enrollment"(username, cid) VALUES ('donnalarose', 71);
INSERT INTO "optional_course_enrollment"(username, cid) VALUES ('donnalarose', 76);
INSERT INTO "optional_course_enrollment"(username, cid) VALUES ('jesusbelair', 127);
INSERT INTO "optional_course_enrollment"(username, cid) VALUES ('jesusbelair', 111);
INSERT INTO "optional_course_enrollment"(username, cid) VALUES ('jesusbelair', 76);
INSERT INTO "optional_course_enrollment"(username, cid) VALUES ('bethgallegos', 28);
INSERT INTO "optional_course_enrollment"(username, cid) VALUES ('pauljackson', 40);
INSERT INTO "optional_course_enrollment"(username, cid) VALUES ('pauljackson', 25);
INSERT INTO "optional_course_enrollment"(username, cid) VALUES ('pauljackson', 166);
INSERT INTO "optional_course_enrollment"(username, cid) VALUES ('pauljackson', 28);
INSERT INTO "optional_course_enrollment"(username, cid) VALUES ('charleswegener', 26);
INSERT INTO "optional_course_enrollment"(username, cid) VALUES ('charleswegener', 28);
INSERT INTO "optional_course_enrollment"(username, cid) VALUES ('jimmyfitzsimmons', 21);
INSERT INTO "optional_course_enrollment"(username, cid) VALUES ('jimmyfitzsimmons', 48);
INSERT INTO "optional_course_enrollment"(username, cid) VALUES ('jimmyfitzsimmons', 20);
INSERT INTO "optional_course_enrollment"(username, cid) VALUES ('jimmyfitzsimmons', 183);
INSERT INTO "optional_course_enrollment"(username, cid) VALUES ('russellparker', 28);
INSERT INTO "optional_course_enrollment"(username, cid) VALUES ('russellparker', 43);
INSERT INTO "optional_course_enrollment"(username, cid) VALUES ('russellparker', 181);
INSERT INTO "optional_course_enrollment"(username, cid) VALUES ('russellparker', 184);
INSERT INTO "optional_course_enrollment"(username, cid) VALUES ('russellparker', 127);
INSERT INTO "optional_course_enrollment"(username, cid) VALUES ('irenedeaton', 71);
INSERT INTO "optional_course_enrollment"(username, cid) VALUES ('irenedeaton', 19);
INSERT INTO "optional_course_enrollment"(username, cid) VALUES ('irenedeaton', 184);
INSERT INTO "optional_course_enrollment"(username, cid) VALUES ('irenedeaton', 21);
INSERT INTO "optional_course_enrollment"(username, cid) VALUES ('toddrosas', 48);
INSERT INTO "optional_course_enrollment"(username, cid) VALUES ('toddrosas', 28);
INSERT INTO "optional_course_enrollment"(username, cid) VALUES ('toddrosas', 71);
INSERT INTO "optional_course_enrollment"(username, cid) VALUES ('toddrosas', 70);
INSERT INTO "optional_course_enrollment"(username, cid) VALUES ('lindavorpahl', 75);
INSERT INTO "optional_course_enrollment"(username, cid) VALUES ('robertholman', 183);
INSERT INTO "optional_course_enrollment"(username, cid) VALUES ('robertholman', 67);
INSERT INTO "optional_course_enrollment"(username, cid) VALUES ('robertholman', 157);
INSERT INTO "optional_course_enrollment"(username, cid) VALUES ('rickyminihane', 111);
INSERT INTO "optional_course_enrollment"(username, cid) VALUES ('richardgray', 20);
INSERT INTO "optional_course_enrollment"(username, cid) VALUES ('amyabbott', 130);
INSERT INTO "optional_course_enrollment"(username, cid) VALUES ('amyabbott', 184);
INSERT INTO "optional_course_enrollment"(username, cid) VALUES ('amyabbott', 71);
INSERT INTO "optional_course_enrollment"(username, cid) VALUES ('dannyrico', 157);
INSERT INTO "optional_course_enrollment"(username, cid) VALUES ('dannyrico', 67);
INSERT INTO "optional_course_enrollment"(username, cid) VALUES ('dannyrico', 130);
INSERT INTO "optional_course_enrollment"(username, cid) VALUES ('dannyrico', 48);
INSERT INTO "optional_course_enrollment"(username, cid) VALUES ('dannyrico', 25);
INSERT INTO "optional_course_enrollment"(username, cid) VALUES ('carlosturner', 160);
INSERT INTO "optional_course_enrollment"(username, cid) VALUES ('carlosturner', 148);
INSERT INTO "optional_course_enrollment"(username, cid) VALUES ('carlosturner', 71);
INSERT INTO "optional_course_enrollment"(username, cid) VALUES ('carlosturner', 127);
INSERT INTO "optional_course_enrollment"(username, cid) VALUES ('carlosturner', 183);
INSERT INTO "optional_course_enrollment"(username, cid) VALUES ('carlosturner', 109);
INSERT INTO "optional_course_enrollment"(username, cid) VALUES ('fredrickbrummett', 50);
INSERT INTO "optional_course_enrollment"(username, cid) VALUES ('fredrickbrummett', 27);
INSERT INTO "optional_course_enrollment"(username, cid) VALUES ('fredrickbrummett', 166);
INSERT INTO "optional_course_enrollment"(username, cid) VALUES ('gaylecleghorn', 183);
INSERT INTO "optional_course_enrollment"(username, cid) VALUES ('lelamendoza', 91);
INSERT INTO "optional_course_enrollment"(username, cid) VALUES ('lelamendoza', 127);
INSERT INTO "optional_course_enrollment"(username, cid) VALUES ('karivanderhorst', 43);
INSERT INTO "optional_course_enrollment"(username, cid) VALUES ('karivanderhorst', 71);
INSERT INTO "optional_course_enrollment"(username, cid) VALUES ('karivanderhorst', 130);
INSERT INTO "optional_course_enrollment"(username, cid) VALUES ('karivanderhorst', 112);
INSERT INTO "optional_course_enrollment"(username, cid) VALUES ('karivanderhorst', 26);
INSERT INTO "optional_course_enrollment"(username, cid) VALUES ('martinkelter', 76);
INSERT INTO "optional_course_enrollment"(username, cid) VALUES ('martinkelter', 178);
INSERT INTO "optional_course_enrollment"(username, cid) VALUES ('martinkelter', 71);
INSERT INTO "optional_course_enrollment"(username, cid) VALUES ('chadprice', 19);
INSERT INTO "optional_course_enrollment"(username, cid) VALUES ('fredmartin', 52);
INSERT INTO "optional_course_enrollment"(username, cid) VALUES ('fredmartin', 145);
INSERT INTO "optional_course_enrollment"(username, cid) VALUES ('fredmartin', 112);
INSERT INTO "optional_course_enrollment"(username, cid) VALUES ('fredmartin', 166);
INSERT INTO "optional_course_enrollment"(username, cid) VALUES ('fredmartin', 47);
INSERT INTO "optional_course_enrollment"(username, cid) VALUES ('dianeshipps', 157);
INSERT INTO "optional_course_enrollment"(username, cid) VALUES ('kerilugo', 71);
INSERT INTO "optional_course_enrollment"(username, cid) VALUES ('kerilugo', 40);
INSERT INTO "optional_course_enrollment"(username, cid) VALUES ('kerilugo', 70);
INSERT INTO "optional_course_enrollment"(username, cid) VALUES ('robertdansby', 163);
INSERT INTO "optional_course_enrollment"(username, cid) VALUES ('robertdansby', 130);
INSERT INTO "optional_course_enrollment"(username, cid) VALUES ('karenbono', 40);
INSERT INTO "optional_course_enrollment"(username, cid) VALUES ('karenbono', 20);
INSERT INTO "optional_course_enrollment"(username, cid) VALUES ('karenbono', 145);
INSERT INTO "optional_course_enrollment"(username, cid) VALUES ('karenbono', 157);
INSERT INTO "optional_course_enrollment"(username, cid) VALUES ('karenbono', 127);
INSERT INTO "optional_course_enrollment"(username, cid) VALUES ('williamyoung', 166);
INSERT INTO "optional_course_enrollment"(username, cid) VALUES ('williamyoung', 109);
INSERT INTO "optional_course_enrollment"(username, cid) VALUES ('susanstrobel', 22);
INSERT INTO "optional_course_enrollment"(username, cid) VALUES ('susanstrobel', 49);
INSERT INTO "optional_course_enrollment"(username, cid) VALUES ('susanstrobel', 163);
INSERT INTO "optional_course_enrollment"(username, cid) VALUES ('susanstrobel', 160);
INSERT INTO "optional_course_enrollment"(username, cid) VALUES ('susanstrobel', 145);
INSERT INTO "optional_course_enrollment"(username, cid) VALUES ('suzannetonner', 21);
INSERT INTO "optional_course_enrollment"(username, cid) VALUES ('suzannetonner', 109);
INSERT INTO "optional_course_enrollment"(username, cid) VALUES ('suzannetonner', 47);
INSERT INTO "optional_course_enrollment"(username, cid) VALUES ('suzannetonner', 178);

INSERT INTO "grade"(gradevalue, username, cid) VALUES (6, 'eugeneanderson', 3);
INSERT INTO "grade"(gradevalue, username, cid) VALUES (8, 'richardgray', 2);
INSERT INTO "grade"(gradevalue, username, cid) VALUES (8, 'jacquelinebecerra', 1);
INSERT INTO "grade"(gradevalue, username, cid) VALUES (10, 'donnasmith', 1);
INSERT INTO "grade"(gradevalue, username, cid) VALUES (9, 'fredmartin', 3);
INSERT INTO "grade"(gradevalue, username, cid) VALUES (10, 'robertcarney', 3);
INSERT INTO "grade"(gradevalue, username, cid) VALUES (9, 'ashleyhernandez', 3);
INSERT INTO "grade"(gradevalue, username, cid) VALUES (5, 'raymondjensen', 3);
INSERT INTO "grade"(gradevalue, username, cid) VALUES (7, 'reneemartinez', 2);

