INSERT INTO "user"(username, password, role) VALUES ('phillipwilson', 'YGYUO6JI', 'staff');
INSERT INTO "user"(username, password, role) VALUES ('benlindsay', 'EZ4WYYNKJH', 'staff');
INSERT INTO "user"(username, password, role) VALUES ('bettynooner', 'KDIE36CZT', 'staff');
INSERT INTO "user"(username, password, role) VALUES ('ethelbryant', 'SIP742CA2KQ', 'staff');
INSERT INTO "user"(username, password, role) VALUES ('marydifranco', 'PFCLI706J', 'staff');
INSERT INTO "user"(username, password, role) VALUES ('davidryan', 'XA5QYC9Z1', 'staff');
INSERT INTO "user"(username, password, role) VALUES ('yolandakiner', 'YE30WVVSROM', 'staff');
INSERT INTO "user"(username, password, role) VALUES ('raymondtucker', '3FTBHV0MI', 'staff');
INSERT INTO "user"(username, password, role) VALUES ('ruthhouston', 'EZL2WCJ45JQ', 'staff');
INSERT INTO "user"(username, password, role) VALUES ('brianmiddleton', '5317NL16W', 'staff');
INSERT INTO "user"(username, password, role) VALUES ('charlesmccoy', 'MALU9HM0BNM', 'staff');
INSERT INTO "user"(username, password, role) VALUES ('mariawilson', 'MWCFPZ5S', 'staff');
INSERT INTO "user"(username, password, role) VALUES ('evelynnavarrete', 'XMED3V7N93Z', 'staff');
INSERT INTO "user"(username, password, role) VALUES ('shirleyperras', '836I5X82OAH', 'staff');
INSERT INTO "user"(username, password, role) VALUES ('caroljung', 'P3S6H6J9A', 'staff');
INSERT INTO "user"(username, password, role) VALUES ('robertmartin', 'NTIRVTNWZC1', 'staff');
INSERT INTO "user"(username, password, role) VALUES ('laurieporter', 'H0ZCMDEL', 'staff');
INSERT INTO "user"(username, password, role) VALUES ('alexiscampbell', 'KO0S5BZB92K', 'staff');
INSERT INTO "user"(username, password, role) VALUES ('rociomelancon', 'I6TR64WD', 'staff');
INSERT INTO "user"(username, password, role) VALUES ('lawrencestreiff', 'HEK5DMXU2', 'staff');
INSERT INTO "user"(username, password, role) VALUES ('joanngordon', 'GIQ4X18151P0', 'staff');
INSERT INTO "user"(username, password, role) VALUES ('leongarbacz', '7KEAAYINY7', 'staff');
INSERT INTO "user"(username, password, role) VALUES ('maryalicedominguez', 'K661XHAR', 'staff');
INSERT INTO "user"(username, password, role) VALUES ('davidmckillip', '3WOEA8YHH9OD', 'staff');
INSERT INTO "user"(username, password, role) VALUES ('charleslively', 'CQLHJ36O', 'staff');
INSERT INTO "user"(username, password, role) VALUES ('barbaratoro', '8TANZIMUT', 'staff');
INSERT INTO "user"(username, password, role) VALUES ('cynthiaresendez', '0OKS5WEFPH', 'staff');
INSERT INTO "user"(username, password, role) VALUES ('leonpuentes', 'JO3XIB427', 'staff');
INSERT INTO "user"(username, password, role) VALUES ('bryanhahn', 'BUP7G67E', 'staff');
INSERT INTO "user"(username, password, role) VALUES ('irmaweingard', 'WKH6K61AZWQ', 'staff');
INSERT INTO "user"(username, password, role) VALUES ('angelawynne', 'HJCN7KPIZ', 'teacher');
INSERT INTO "user"(username, password, role) VALUES ('ednatyler', 'OXAE3DNDL1', 'teacher');
INSERT INTO "user"(username, password, role) VALUES ('kareemjeffries', 'N2ANR1BYI18U', 'teacher');
INSERT INTO "user"(username, password, role) VALUES ('gidgetreneau', 'I0HB2G9P', 'teacher');
INSERT INTO "user"(username, password, role) VALUES ('craiglarson', 'EKI83SX7N7W', 'teacher');
INSERT INTO "user"(username, password, role) VALUES ('katrinamoore', '081NDDV9W', 'teacher');
INSERT INTO "user"(username, password, role) VALUES ('lorrainemitchell', '0L8TIRLT', 'teacher');
INSERT INTO "user"(username, password, role) VALUES ('sherryjohnson', 'WCSRUS92X', 'teacher');
INSERT INTO "user"(username, password, role) VALUES ('lynnesepulveda', 'ECP9Q9167HXE', 'teacher');
INSERT INTO "user"(username, password, role) VALUES ('paullopez', '03DAYKCHW', 'teacher');
INSERT INTO "user"(username, password, role) VALUES ('alaynarenick', '33MZFGAT', 'teacher');
INSERT INTO "user"(username, password, role) VALUES ('pedrobueno', '11A9GGR38', 'teacher');
INSERT INTO "user"(username, password, role) VALUES ('meganstevens', '7WT8JLRE', 'teacher');
INSERT INTO "user"(username, password, role) VALUES ('marilynchesley', 'VYG2I5Q8KPPP', 'teacher');
INSERT INTO "user"(username, password, role) VALUES ('kristinajuenemann', '45H6EYKQ', 'teacher');
INSERT INTO "user"(username, password, role) VALUES ('angelapeck', 'I6R13IFX', 'teacher');
INSERT INTO "user"(username, password, role) VALUES ('bradypruitt', 'Q2FWBZ7A', 'teacher');
INSERT INTO "user"(username, password, role) VALUES ('eddiemulkey', 'HBCD5LB1DZ30', 'teacher');
INSERT INTO "user"(username, password, role) VALUES ('loydpospisil', 'GLN1NIKCWQ', 'teacher');
INSERT INTO "user"(username, password, role) VALUES ('adrianacoleman', 'VA1O8EJ6', 'teacher');
INSERT INTO "user"(username, password, role) VALUES ('devonross', 'CDJDSWHFXWDI', 'student');
INSERT INTO "user"(username, password, role) VALUES ('anitasullivan', 'N110DMHC', 'student');
INSERT INTO "user"(username, password, role) VALUES ('doloresbatdorf', '34FTI2KL9J', 'student');
INSERT INTO "user"(username, password, role) VALUES ('cierracorriveau', '3VW5F9OV', 'student');
INSERT INTO "user"(username, password, role) VALUES ('claytontufte', '7SD42M9T', 'student');
INSERT INTO "user"(username, password, role) VALUES ('markhall', '4QG8P7Z2KW6E', 'student');
INSERT INTO "user"(username, password, role) VALUES ('kevinlamont', 'HZMYR0ABL', 'student');
INSERT INTO "user"(username, password, role) VALUES ('ritahall', '3MD1HWECB', 'student');
INSERT INTO "user"(username, password, role) VALUES ('christopherramirez', 'OWLK8CFXSU', 'student');
INSERT INTO "user"(username, password, role) VALUES ('thomasdavis', '07HQYP4U', 'student');
INSERT INTO "user"(username, password, role) VALUES ('edwardlara', 'RITI9M3G', 'student');
INSERT INTO "user"(username, password, role) VALUES ('berthacraddock', '8BJUJU0VHJJ', 'student');
INSERT INTO "user"(username, password, role) VALUES ('jesuspoeschel', 'VBW0Z2UUY', 'student');
INSERT INTO "user"(username, password, role) VALUES ('claraekstrom', 'LNJWO1ZL', 'student');
INSERT INTO "user"(username, password, role) VALUES ('stevenanderson', 'PTZW3IDIJTGI', 'student');
INSERT INTO "user"(username, password, role) VALUES ('bettysmith', '4MAZSIOQOKQ', 'student');
INSERT INTO "user"(username, password, role) VALUES ('johnwelke', 'YA63AVA7GXZ4', 'student');
INSERT INTO "user"(username, password, role) VALUES ('raythompson', 'MORDJ99LFU', 'student');
INSERT INTO "user"(username, password, role) VALUES ('jamespost', 'U20RIA15J046', 'student');
INSERT INTO "user"(username, password, role) VALUES ('eugeniegarza', '9U6AV33GY', 'student');
INSERT INTO "user"(username, password, role) VALUES ('edwardbrummell', 'GVM5B4TC6', 'student');
INSERT INTO "user"(username, password, role) VALUES ('johnettanorman', 'F9QEHOC72R8', 'student');
INSERT INTO "user"(username, password, role) VALUES ('jasonoritz', 'QGTWTWQ5DUNJ', 'student');
INSERT INTO "user"(username, password, role) VALUES ('lloydmitchem', 'W1KRJAIJ', 'student');
INSERT INTO "user"(username, password, role) VALUES ('waynekathan', 'UGZGC5FOSY4', 'student');
INSERT INTO "user"(username, password, role) VALUES ('normanthoren', 'GAQSBCH9', 'student');
INSERT INTO "user"(username, password, role) VALUES ('juanwillis', '3CZCD2CZMLT', 'student');
INSERT INTO "user"(username, password, role) VALUES ('juliahobbs', 'EH27PCU473S', 'student');
INSERT INTO "user"(username, password, role) VALUES ('josieminjares', 'DYHH240YYU4', 'student');
INSERT INTO "user"(username, password, role) VALUES ('josephkindle', 'UZPWPL6Q1JJ8', 'student');
INSERT INTO "user"(username, password, role) VALUES ('angelamolina', 'F5WTEYW3', 'student');
INSERT INTO "user"(username, password, role) VALUES ('cleolouis', 'ZEOZMC5XYRAZ', 'student');
INSERT INTO "user"(username, password, role) VALUES ('michaeldraughn', 'AYWCDRH8C', 'student');
INSERT INTO "user"(username, password, role) VALUES ('elvadavis', '538KBMMJ', 'student');
INSERT INTO "user"(username, password, role) VALUES ('wandadavenport', 'RE2LPJ7D1M', 'student');
INSERT INTO "user"(username, password, role) VALUES ('williamhill', 'ZAC20ZRRSM', 'student');
INSERT INTO "user"(username, password, role) VALUES ('glorialevitan', 'FCXP6MMKM', 'student');
INSERT INTO "user"(username, password, role) VALUES ('mikethompson', 'DLIUYWB1U8N3', 'student');
INSERT INTO "user"(username, password, role) VALUES ('antonioruiz', 'I029OWE4', 'student');
INSERT INTO "user"(username, password, role) VALUES ('janetgladney', '7MVUDLE58US2', 'student');
INSERT INTO "user"(username, password, role) VALUES ('kennyiversen', 'ND8QL31TSN', 'student');
INSERT INTO "user"(username, password, role) VALUES ('jameseden', 'ZPUD6NK4G', 'student');
INSERT INTO "user"(username, password, role) VALUES ('loricole', '8144G0FNJ0EY', 'student');
INSERT INTO "user"(username, password, role) VALUES ('williamcoen', 'VOGK3UKTO6N', 'student');
INSERT INTO "user"(username, password, role) VALUES ('robertmoore', 'EWD6QT0U22', 'student');
INSERT INTO "user"(username, password, role) VALUES ('charlesbarth', '44CEWHPEXI5Y', 'student');
INSERT INTO "user"(username, password, role) VALUES ('janicedubuque', 'QY5OO6PV', 'student');
INSERT INTO "user"(username, password, role) VALUES ('robertmccoy', 'HOEHXB7J3DBA', 'student');
INSERT INTO "user"(username, password, role) VALUES ('samuelenyart', '1DT9YBJ62A', 'student');
INSERT INTO "user"(username, password, role) VALUES ('billiethompson', 'PBZU1PJWM9D', 'student');

INSERT INTO "staff"(username, name) VALUES ('phillipwilson', 'Phillip Wilson');
INSERT INTO "staff"(username, name) VALUES ('benlindsay', 'Ben Lindsay');
INSERT INTO "staff"(username, name) VALUES ('bettynooner', 'Betty Nooner');
INSERT INTO "staff"(username, name) VALUES ('ethelbryant', 'Ethel Bryant');
INSERT INTO "staff"(username, name) VALUES ('marydifranco', 'Mary Difranco');
INSERT INTO "staff"(username, name) VALUES ('davidryan', 'David Ryan');
INSERT INTO "staff"(username, name) VALUES ('yolandakiner', 'Yolanda Kiner');
INSERT INTO "staff"(username, name) VALUES ('raymondtucker', 'Raymond Tucker');
INSERT INTO "staff"(username, name) VALUES ('ruthhouston', 'Ruth Houston');
INSERT INTO "staff"(username, name) VALUES ('brianmiddleton', 'Brian Middleton');
INSERT INTO "staff"(username, name) VALUES ('charlesmccoy', 'Charles Mccoy');
INSERT INTO "staff"(username, name) VALUES ('mariawilson', 'Maria Wilson');
INSERT INTO "staff"(username, name) VALUES ('evelynnavarrete', 'Evelyn Navarrete');
INSERT INTO "staff"(username, name) VALUES ('shirleyperras', 'Shirley Perras');
INSERT INTO "staff"(username, name) VALUES ('caroljung', 'Carol Jung');
INSERT INTO "staff"(username, name) VALUES ('robertmartin', 'Robert Martin');
INSERT INTO "staff"(username, name) VALUES ('laurieporter', 'Laurie Porter');
INSERT INTO "staff"(username, name) VALUES ('alexiscampbell', 'Alexis Campbell');
INSERT INTO "staff"(username, name) VALUES ('rociomelancon', 'Rocio Melancon');
INSERT INTO "staff"(username, name) VALUES ('lawrencestreiff', 'Lawrence Streiff');
INSERT INTO "staff"(username, name) VALUES ('joanngordon', 'Joann Gordon');
INSERT INTO "staff"(username, name) VALUES ('leongarbacz', 'Leon Garbacz');
INSERT INTO "staff"(username, name) VALUES ('maryalicedominguez', 'Maryalice Dominguez');
INSERT INTO "staff"(username, name) VALUES ('davidmckillip', 'David Mckillip');
INSERT INTO "staff"(username, name) VALUES ('charleslively', 'Charles Lively');
INSERT INTO "staff"(username, name) VALUES ('barbaratoro', 'Barbara Toro');
INSERT INTO "staff"(username, name) VALUES ('cynthiaresendez', 'Cynthia Resendez');
INSERT INTO "staff"(username, name) VALUES ('leonpuentes', 'Leon Puentes');
INSERT INTO "staff"(username, name) VALUES ('bryanhahn', 'Bryan Hahn');
INSERT INTO "staff"(username, name) VALUES ('irmaweingard', 'Irma Weingard');

INSERT INTO "teacher"(username, name) VALUES ('angelawynne', 'Angela Wynne');
INSERT INTO "teacher"(username, name) VALUES ('ednatyler', 'Edna Tyler');
INSERT INTO "teacher"(username, name) VALUES ('kareemjeffries', 'Kareem Jeffries');
INSERT INTO "teacher"(username, name) VALUES ('gidgetreneau', 'Gidget Reneau');
INSERT INTO "teacher"(username, name) VALUES ('craiglarson', 'Craig Larson');
INSERT INTO "teacher"(username, name) VALUES ('katrinamoore', 'Katrina Moore');
INSERT INTO "teacher"(username, name) VALUES ('lorrainemitchell', 'Lorraine Mitchell');
INSERT INTO "teacher"(username, name) VALUES ('sherryjohnson', 'Sherry Johnson');
INSERT INTO "teacher"(username, name) VALUES ('lynnesepulveda', 'Lynne Sepulveda');
INSERT INTO "teacher"(username, name) VALUES ('paullopez', 'Paul Lopez');
INSERT INTO "teacher"(username, name) VALUES ('alaynarenick', 'Alayna Renick');
INSERT INTO "teacher"(username, name) VALUES ('pedrobueno', 'Pedro Bueno');
INSERT INTO "teacher"(username, name) VALUES ('meganstevens', 'Megan Stevens');
INSERT INTO "teacher"(username, name) VALUES ('marilynchesley', 'Marilyn Chesley');
INSERT INTO "teacher"(username, name) VALUES ('kristinajuenemann', 'Kristina Juenemann');
INSERT INTO "teacher"(username, name) VALUES ('angelapeck', 'Angela Peck');
INSERT INTO "teacher"(username, name) VALUES ('bradypruitt', 'Brady Pruitt');
INSERT INTO "teacher"(username, name) VALUES ('eddiemulkey', 'Eddie Mulkey');
INSERT INTO "teacher"(username, name) VALUES ('loydpospisil', 'Loyd Pospisil');
INSERT INTO "teacher"(username, name) VALUES ('adrianacoleman', 'Adriana Coleman');

INSERT INTO "faculty"(fid, name, noyears, chief) VALUES (1, 'Mathematics and Informatics-Informatica', 3, 'loydpospisil');
INSERT INTO "faculty"(fid, name, noyears, chief) VALUES (2, 'Mathematics and Informatics-Matematica', 3, 'meganstevens');
INSERT INTO "faculty"(fid, name, noyears, chief) VALUES (3, 'Mathematics and Informatics-Matematica Informatica', 3, 'paullopez');
INSERT INTO "faculty"(fid, name, noyears, chief) VALUES (4, 'Physics-Fizica', 3, 'alaynarenick');
INSERT INTO "faculty"(fid, name, noyears, chief) VALUES (5, 'Physics-Fizica Informatica', 3, 'craiglarson');
INSERT INTO "faculty"(fid, name, noyears, chief) VALUES (6, 'Physics-Fizica medicala', 3, 'kareemjeffries');
INSERT INTO "faculty"(fid, name, noyears, chief) VALUES (7, 'History and Philosophy-Istorie', 3, 'katrinamoore');
INSERT INTO "faculty"(fid, name, noyears, chief) VALUES (8, 'Geography-Geografie', 3, 'lynnesepulveda');
INSERT INTO "faculty"(fid, name, noyears, chief) VALUES (9, 'Geography-Geografia Turismului', 3, 'eddiemulkey');

INSERT INTO "group"(gid, faculty, year) VALUES (1, 1, 1);
INSERT INTO "group"(gid, faculty, year) VALUES (2, 1, 1);
INSERT INTO "group"(gid, faculty, year) VALUES (3, 1, 1);
INSERT INTO "group"(gid, faculty, year) VALUES (4, 1, 1);
INSERT INTO "group"(gid, faculty, year) VALUES (5, 1, 1);
INSERT INTO "group"(gid, faculty, year) VALUES (6, 1, 2);
INSERT INTO "group"(gid, faculty, year) VALUES (7, 1, 2);
INSERT INTO "group"(gid, faculty, year) VALUES (8, 1, 2);
INSERT INTO "group"(gid, faculty, year) VALUES (9, 1, 2);
INSERT INTO "group"(gid, faculty, year) VALUES (10, 1, 2);
INSERT INTO "group"(gid, faculty, year) VALUES (11, 1, 3);
INSERT INTO "group"(gid, faculty, year) VALUES (12, 1, 3);
INSERT INTO "group"(gid, faculty, year) VALUES (13, 1, 3);
INSERT INTO "group"(gid, faculty, year) VALUES (14, 1, 3);
INSERT INTO "group"(gid, faculty, year) VALUES (15, 1, 3);
INSERT INTO "group"(gid, faculty, year) VALUES (16, 2, 1);
INSERT INTO "group"(gid, faculty, year) VALUES (17, 2, 1);
INSERT INTO "group"(gid, faculty, year) VALUES (18, 2, 1);
INSERT INTO "group"(gid, faculty, year) VALUES (19, 2, 1);
INSERT INTO "group"(gid, faculty, year) VALUES (20, 2, 1);
INSERT INTO "group"(gid, faculty, year) VALUES (21, 2, 2);
INSERT INTO "group"(gid, faculty, year) VALUES (22, 2, 2);
INSERT INTO "group"(gid, faculty, year) VALUES (23, 2, 2);
INSERT INTO "group"(gid, faculty, year) VALUES (24, 2, 2);
INSERT INTO "group"(gid, faculty, year) VALUES (25, 2, 2);
INSERT INTO "group"(gid, faculty, year) VALUES (26, 2, 3);
INSERT INTO "group"(gid, faculty, year) VALUES (27, 2, 3);
INSERT INTO "group"(gid, faculty, year) VALUES (28, 2, 3);
INSERT INTO "group"(gid, faculty, year) VALUES (29, 2, 3);
INSERT INTO "group"(gid, faculty, year) VALUES (30, 2, 3);
INSERT INTO "group"(gid, faculty, year) VALUES (31, 3, 1);
INSERT INTO "group"(gid, faculty, year) VALUES (32, 3, 1);
INSERT INTO "group"(gid, faculty, year) VALUES (33, 3, 1);
INSERT INTO "group"(gid, faculty, year) VALUES (34, 3, 1);
INSERT INTO "group"(gid, faculty, year) VALUES (35, 3, 1);
INSERT INTO "group"(gid, faculty, year) VALUES (36, 3, 2);
INSERT INTO "group"(gid, faculty, year) VALUES (37, 3, 2);
INSERT INTO "group"(gid, faculty, year) VALUES (38, 3, 2);
INSERT INTO "group"(gid, faculty, year) VALUES (39, 3, 2);
INSERT INTO "group"(gid, faculty, year) VALUES (40, 3, 2);
INSERT INTO "group"(gid, faculty, year) VALUES (41, 3, 3);
INSERT INTO "group"(gid, faculty, year) VALUES (42, 3, 3);
INSERT INTO "group"(gid, faculty, year) VALUES (43, 3, 3);
INSERT INTO "group"(gid, faculty, year) VALUES (44, 3, 3);
INSERT INTO "group"(gid, faculty, year) VALUES (45, 3, 3);
INSERT INTO "group"(gid, faculty, year) VALUES (46, 4, 1);
INSERT INTO "group"(gid, faculty, year) VALUES (47, 4, 1);
INSERT INTO "group"(gid, faculty, year) VALUES (48, 4, 1);
INSERT INTO "group"(gid, faculty, year) VALUES (49, 4, 1);
INSERT INTO "group"(gid, faculty, year) VALUES (50, 4, 1);
INSERT INTO "group"(gid, faculty, year) VALUES (51, 4, 2);
INSERT INTO "group"(gid, faculty, year) VALUES (52, 4, 2);
INSERT INTO "group"(gid, faculty, year) VALUES (53, 4, 2);
INSERT INTO "group"(gid, faculty, year) VALUES (54, 4, 2);
INSERT INTO "group"(gid, faculty, year) VALUES (55, 4, 2);
INSERT INTO "group"(gid, faculty, year) VALUES (56, 4, 3);
INSERT INTO "group"(gid, faculty, year) VALUES (57, 4, 3);
INSERT INTO "group"(gid, faculty, year) VALUES (58, 4, 3);
INSERT INTO "group"(gid, faculty, year) VALUES (59, 4, 3);
INSERT INTO "group"(gid, faculty, year) VALUES (60, 4, 3);
INSERT INTO "group"(gid, faculty, year) VALUES (61, 5, 1);
INSERT INTO "group"(gid, faculty, year) VALUES (62, 5, 1);
INSERT INTO "group"(gid, faculty, year) VALUES (63, 5, 1);
INSERT INTO "group"(gid, faculty, year) VALUES (64, 5, 1);
INSERT INTO "group"(gid, faculty, year) VALUES (65, 5, 1);
INSERT INTO "group"(gid, faculty, year) VALUES (66, 5, 2);
INSERT INTO "group"(gid, faculty, year) VALUES (67, 5, 2);
INSERT INTO "group"(gid, faculty, year) VALUES (68, 5, 2);
INSERT INTO "group"(gid, faculty, year) VALUES (69, 5, 2);
INSERT INTO "group"(gid, faculty, year) VALUES (70, 5, 2);
INSERT INTO "group"(gid, faculty, year) VALUES (71, 5, 3);
INSERT INTO "group"(gid, faculty, year) VALUES (72, 5, 3);
INSERT INTO "group"(gid, faculty, year) VALUES (73, 5, 3);
INSERT INTO "group"(gid, faculty, year) VALUES (74, 5, 3);
INSERT INTO "group"(gid, faculty, year) VALUES (75, 5, 3);
INSERT INTO "group"(gid, faculty, year) VALUES (76, 6, 1);
INSERT INTO "group"(gid, faculty, year) VALUES (77, 6, 1);
INSERT INTO "group"(gid, faculty, year) VALUES (78, 6, 1);
INSERT INTO "group"(gid, faculty, year) VALUES (79, 6, 1);
INSERT INTO "group"(gid, faculty, year) VALUES (80, 6, 1);
INSERT INTO "group"(gid, faculty, year) VALUES (81, 6, 2);
INSERT INTO "group"(gid, faculty, year) VALUES (82, 6, 2);
INSERT INTO "group"(gid, faculty, year) VALUES (83, 6, 2);
INSERT INTO "group"(gid, faculty, year) VALUES (84, 6, 2);
INSERT INTO "group"(gid, faculty, year) VALUES (85, 6, 2);
INSERT INTO "group"(gid, faculty, year) VALUES (86, 6, 3);
INSERT INTO "group"(gid, faculty, year) VALUES (87, 6, 3);
INSERT INTO "group"(gid, faculty, year) VALUES (88, 6, 3);
INSERT INTO "group"(gid, faculty, year) VALUES (89, 6, 3);
INSERT INTO "group"(gid, faculty, year) VALUES (90, 6, 3);
INSERT INTO "group"(gid, faculty, year) VALUES (91, 7, 1);
INSERT INTO "group"(gid, faculty, year) VALUES (92, 7, 1);
INSERT INTO "group"(gid, faculty, year) VALUES (93, 7, 1);
INSERT INTO "group"(gid, faculty, year) VALUES (94, 7, 1);
INSERT INTO "group"(gid, faculty, year) VALUES (95, 7, 1);
INSERT INTO "group"(gid, faculty, year) VALUES (96, 7, 2);
INSERT INTO "group"(gid, faculty, year) VALUES (97, 7, 2);
INSERT INTO "group"(gid, faculty, year) VALUES (98, 7, 2);
INSERT INTO "group"(gid, faculty, year) VALUES (99, 7, 2);
INSERT INTO "group"(gid, faculty, year) VALUES (100, 7, 2);
INSERT INTO "group"(gid, faculty, year) VALUES (101, 7, 3);
INSERT INTO "group"(gid, faculty, year) VALUES (102, 7, 3);
INSERT INTO "group"(gid, faculty, year) VALUES (103, 7, 3);
INSERT INTO "group"(gid, faculty, year) VALUES (104, 7, 3);
INSERT INTO "group"(gid, faculty, year) VALUES (105, 7, 3);
INSERT INTO "group"(gid, faculty, year) VALUES (106, 8, 1);
INSERT INTO "group"(gid, faculty, year) VALUES (107, 8, 1);
INSERT INTO "group"(gid, faculty, year) VALUES (108, 8, 1);
INSERT INTO "group"(gid, faculty, year) VALUES (109, 8, 1);
INSERT INTO "group"(gid, faculty, year) VALUES (110, 8, 1);
INSERT INTO "group"(gid, faculty, year) VALUES (111, 8, 2);
INSERT INTO "group"(gid, faculty, year) VALUES (112, 8, 2);
INSERT INTO "group"(gid, faculty, year) VALUES (113, 8, 2);
INSERT INTO "group"(gid, faculty, year) VALUES (114, 8, 2);
INSERT INTO "group"(gid, faculty, year) VALUES (115, 8, 2);
INSERT INTO "group"(gid, faculty, year) VALUES (116, 8, 3);
INSERT INTO "group"(gid, faculty, year) VALUES (117, 8, 3);
INSERT INTO "group"(gid, faculty, year) VALUES (118, 8, 3);
INSERT INTO "group"(gid, faculty, year) VALUES (119, 8, 3);
INSERT INTO "group"(gid, faculty, year) VALUES (120, 8, 3);
INSERT INTO "group"(gid, faculty, year) VALUES (121, 9, 1);
INSERT INTO "group"(gid, faculty, year) VALUES (122, 9, 1);
INSERT INTO "group"(gid, faculty, year) VALUES (123, 9, 1);
INSERT INTO "group"(gid, faculty, year) VALUES (124, 9, 1);
INSERT INTO "group"(gid, faculty, year) VALUES (125, 9, 1);
INSERT INTO "group"(gid, faculty, year) VALUES (126, 9, 2);
INSERT INTO "group"(gid, faculty, year) VALUES (127, 9, 2);
INSERT INTO "group"(gid, faculty, year) VALUES (128, 9, 2);
INSERT INTO "group"(gid, faculty, year) VALUES (129, 9, 2);
INSERT INTO "group"(gid, faculty, year) VALUES (130, 9, 2);
INSERT INTO "group"(gid, faculty, year) VALUES (131, 9, 3);
INSERT INTO "group"(gid, faculty, year) VALUES (132, 9, 3);
INSERT INTO "group"(gid, faculty, year) VALUES (133, 9, 3);
INSERT INTO "group"(gid, faculty, year) VALUES (134, 9, 3);
INSERT INTO "group"(gid, faculty, year) VALUES (135, 9, 3);

INSERT INTO "student"(name, username, group1) VALUES ('Devon Ross', 'devonross', 64);
INSERT INTO "student"(name, username, group1) VALUES ('Anita Sullivan', 'anitasullivan', 23);
INSERT INTO "student"(name, username, group1, group2) VALUES ('Dolores Batdorf', 'doloresbatdorf', 45, 81);
INSERT INTO "student"(name, username, group1) VALUES ('Cierra Corriveau', 'cierracorriveau', 55);
INSERT INTO "student"(name, username, group1) VALUES ('Clayton Tufte', 'claytontufte', 35);
INSERT INTO "student"(name, username, group1) VALUES ('Mark Hall', 'markhall', 90);
INSERT INTO "student"(name, username, group1) VALUES ('Kevin Lamont', 'kevinlamont', 105);
INSERT INTO "student"(name, username, group1) VALUES ('Rita Hall', 'ritahall', 74);
INSERT INTO "student"(name, username, group1) VALUES ('Christopher Ramirez', 'christopherramirez', 7);
INSERT INTO "student"(name, username, group1, group2) VALUES ('Thomas Davis', 'thomasdavis', 88, 103);
INSERT INTO "student"(name, username, group1) VALUES ('Edward Lara', 'edwardlara', 80);
INSERT INTO "student"(name, username, group1) VALUES ('Bertha Craddock', 'berthacraddock', 12);
INSERT INTO "student"(name, username, group1) VALUES ('Jesus Poeschel', 'jesuspoeschel', 25);
INSERT INTO "student"(name, username, group1) VALUES ('Clara Ekstrom', 'claraekstrom', 112);
INSERT INTO "student"(name, username, group1) VALUES ('Steven Anderson', 'stevenanderson', 122);
INSERT INTO "student"(name, username, group1) VALUES ('Betty Smith', 'bettysmith', 13);
INSERT INTO "student"(name, username, group1) VALUES ('John Welke', 'johnwelke', 68);
INSERT INTO "student"(name, username, group1) VALUES ('Ray Thompson', 'raythompson', 11);
INSERT INTO "student"(name, username, group1) VALUES ('James Post', 'jamespost', 114);
INSERT INTO "student"(name, username, group1) VALUES ('Eugenie Garza', 'eugeniegarza', 26);
INSERT INTO "student"(name, username, group1) VALUES ('Edward Brummell', 'edwardbrummell', 67);
INSERT INTO "student"(name, username, group1) VALUES ('Johnetta Norman', 'johnettanorman', 88);
INSERT INTO "student"(name, username, group1) VALUES ('Jason Oritz', 'jasonoritz', 80);
INSERT INTO "student"(name, username, group1) VALUES ('Lloyd Mitchem', 'lloydmitchem', 133);
INSERT INTO "student"(name, username, group1) VALUES ('Wayne Kathan', 'waynekathan', 43);
INSERT INTO "student"(name, username, group1, group2) VALUES ('Norman Thoren', 'normanthoren', 93, 62);
INSERT INTO "student"(name, username, group1) VALUES ('Juan Willis', 'juanwillis', 16);
INSERT INTO "student"(name, username, group1) VALUES ('Julia Hobbs', 'juliahobbs', 27);
INSERT INTO "student"(name, username, group1, group2) VALUES ('Josie Minjares', 'josieminjares', 112, 131);
INSERT INTO "student"(name, username, group1) VALUES ('Joseph Kindle', 'josephkindle', 89);
INSERT INTO "student"(name, username, group1) VALUES ('Angela Molina', 'angelamolina', 132);
INSERT INTO "student"(name, username, group1) VALUES ('Cleo Louis', 'cleolouis', 59);
INSERT INTO "student"(name, username, group1) VALUES ('Michael Draughn', 'michaeldraughn', 11);
INSERT INTO "student"(name, username, group1) VALUES ('Elva Davis', 'elvadavis', 90);
INSERT INTO "student"(name, username, group1) VALUES ('Wanda Davenport', 'wandadavenport', 24);
INSERT INTO "student"(name, username, group1) VALUES ('William Hill', 'williamhill', 35);
INSERT INTO "student"(name, username, group1) VALUES ('Gloria Levitan', 'glorialevitan', 103);
INSERT INTO "student"(name, username, group1) VALUES ('Mike Thompson', 'mikethompson', 17);
INSERT INTO "student"(name, username, group1) VALUES ('Antonio Ruiz', 'antonioruiz', 119);
INSERT INTO "student"(name, username, group1, group2) VALUES ('Janet Gladney', 'janetgladney', 126, 6);
INSERT INTO "student"(name, username, group1) VALUES ('Kenny Iversen', 'kennyiversen', 28);
INSERT INTO "student"(name, username, group1) VALUES ('James Eden', 'jameseden', 56);
INSERT INTO "student"(name, username, group1) VALUES ('Lori Cole', 'loricole', 21);
INSERT INTO "student"(name, username, group1) VALUES ('William Coen', 'williamcoen', 52);
INSERT INTO "student"(name, username, group1) VALUES ('Robert Moore', 'robertmoore', 94);
INSERT INTO "student"(name, username, group1) VALUES ('Charles Barth', 'charlesbarth', 80);
INSERT INTO "student"(name, username, group1) VALUES ('Janice Dubuque', 'janicedubuque', 73);
INSERT INTO "student"(name, username, group1) VALUES ('Robert Mccoy', 'robertmccoy', 106);
INSERT INTO "student"(name, username, group1) VALUES ('Samuel Enyart', 'samuelenyart', 3);
INSERT INTO "student"(name, username, group1) VALUES ('Billie Thompson', 'billiethompson', 30);

INSERT INTO "course priority"(pid, priority) VALUES (1, 'mandatory');
INSERT INTO "course priority"(pid, priority) VALUES (2, 'optional');
INSERT INTO "course priority"(pid, priority) VALUES (3, 'facultative');

INSERT INTO "course"(cid, name, fid, year, teacher, semester, maxstudents, priority) VALUES (1, 'Algebra', 1, 1, 'angelawynne', 1, 156, 1);
INSERT INTO "course"(cid, name, fid, year, teacher, semester, maxstudents, priority) VALUES (2, 'Fundamentele programarii', 1, 1, 'bradypruitt', 1, 164, 1);
INSERT INTO "course"(cid, name, fid, year, teacher, semester, maxstudents, priority) VALUES (3, 'Arhitectura sistemelor de calcul', 1, 1, 'loydpospisil', 1, 176, 1);
INSERT INTO "course"(cid, name, fid, year, teacher, semester, maxstudents, priority) VALUES (4, 'Programare in c', 1, 1, 'katrinamoore', 1, 195, 3);
INSERT INTO "course"(cid, name, fid, year, teacher, semester, maxstudents, priority) VALUES (5, 'Structuri de date si algoritmi', 1, 1, 'kristinajuenemann', 2, 162, 1);
INSERT INTO "course"(cid, name, fid, year, teacher, semester, maxstudents, priority) VALUES (6, 'Geometrie', 1, 1, 'sherryjohnson', 2, 159, 1);
INSERT INTO "course"(cid, name, fid, year, teacher, semester, maxstudents, priority) VALUES (7, 'Sisteme dinamice', 1, 1, 'alaynarenick', 2, 185, 1);
INSERT INTO "course"(cid, name, fid, year, teacher, semester, maxstudents, priority) VALUES (8, 'Metode avansate de rezolvare a problemelor de matematica şi informatica', 1, 1, 'eddiemulkey', 2, 199, 3);
INSERT INTO "course"(cid, name, fid, year, teacher, semester, maxstudents, priority) VALUES (9, 'Metode avansate de programare', 1, 2, 'gidgetreneau', 3, 191, 1);
INSERT INTO "course"(cid, name, fid, year, teacher, semester, maxstudents, priority) VALUES (10, 'Retele de calculatoare', 1, 2, 'marilynchesley', 3, 189, 1);
INSERT INTO "course"(cid, name, fid, year, teacher, semester, maxstudents, priority) VALUES (11, 'Baze de date', 1, 2, 'sherryjohnson', 3, 202, 1);
INSERT INTO "course"(cid, name, fid, year, teacher, semester, maxstudents, priority) VALUES (12, 'Programare functionala si logica', 1, 2, 'marilynchesley', 3, 207, 1);
INSERT INTO "course"(cid, name, fid, year, teacher, semester, maxstudents, priority) VALUES (13, 'Inteligenta artificiala', 1, 2, 'ednatyler', 4, 196, 1);
INSERT INTO "course"(cid, name, fid, year, teacher, semester, maxstudents, priority) VALUES (14, 'Ingineria sistemelor soft', 1, 2, 'craiglarson', 4, 173, 1);
INSERT INTO "course"(cid, name, fid, year, teacher, semester, maxstudents, priority) VALUES (15, 'Medii de proiectare si programare', 1, 2, 'eddiemulkey', 4, 184, 1);
INSERT INTO "course"(cid, name, fid, year, teacher, semester, maxstudents, priority) VALUES (16, 'Programare web', 1, 2, 'craiglarson', 4, 166, 1);
INSERT INTO "course"(cid, name, fid, year, teacher, semester, maxstudents, priority) VALUES (17, 'Programare paralela si distribuita', 1, 3, 'katrinamoore', 5, 166, 1);
INSERT INTO "course"(cid, name, fid, year, teacher, semester, maxstudents, priority) VALUES (18, 'Programare pentru dispozitive mobile', 1, 3, 'lorrainemitchell', 5, 198, 1);
INSERT INTO "course"(cid, name, fid, year, teacher, semester, maxstudents, priority) VALUES (19, 'Criptografie cu cheie publica', 1, 3, 'lorrainemitchell', 5, 180, 2);
INSERT INTO "course"(cid, name, fid, year, teacher, semester, maxstudents, priority) VALUES (20, 'Protocoale specializate in retele de calculatoare', 1, 3, 'kareemjeffries', 5, 156, 2);
INSERT INTO "course"(cid, name, fid, year, teacher, semester, maxstudents, priority) VALUES (21, 'Proiect de cercetare', 1, 3, 'pedrobueno', 5, 190, 2);
INSERT INTO "course"(cid, name, fid, year, teacher, semester, maxstudents, priority) VALUES (22, 'Automatizarea proceselor de business', 1, 3, 'alaynarenick', 5, 186, 2);
INSERT INTO "course"(cid, name, fid, year, teacher, semester, maxstudents, priority) VALUES (23, 'Calcul numeric', 1, 3, 'ednatyler', 6, 215, 1);
INSERT INTO "course"(cid, name, fid, year, teacher, semester, maxstudents, priority) VALUES (24, 'Verificarea si validarea sistemelor soft', 1, 3, 'angelawynne', 6, 158, 1);
INSERT INTO "course"(cid, name, fid, year, teacher, semester, maxstudents, priority) VALUES (25, 'Programarea orientata pe aspecte', 1, 3, 'bradypruitt', 6, 187, 2);
INSERT INTO "course"(cid, name, fid, year, teacher, semester, maxstudents, priority) VALUES (26, 'Sabloane de proiectare', 1, 3, 'paullopez', 6, 202, 2);
INSERT INTO "course"(cid, name, fid, year, teacher, semester, maxstudents, priority) VALUES (27, 'Istoria informaticii', 1, 3, 'adrianacoleman', 6, 212, 2);
INSERT INTO "course"(cid, name, fid, year, teacher, semester, maxstudents, priority) VALUES (28, 'Invatare interactiva', 1, 3, 'katrinamoore', 6, 199, 2);
INSERT INTO "course"(cid, name, fid, year, teacher, semester, maxstudents, priority) VALUES (29, 'Algebra 1', 2, 1, 'angelawynne', 1, 170, 1);
INSERT INTO "course"(cid, name, fid, year, teacher, semester, maxstudents, priority) VALUES (30, 'Algoritmi si programare', 2, 1, 'ednatyler', 1, 207, 1);
INSERT INTO "course"(cid, name, fid, year, teacher, semester, maxstudents, priority) VALUES (31, 'Analiza 1', 2, 1, 'marilynchesley', 1, 207, 1);
INSERT INTO "course"(cid, name, fid, year, teacher, semester, maxstudents, priority) VALUES (32, 'Matematica de baza', 2, 1, 'kareemjeffries', 1, 169, 3);
INSERT INTO "course"(cid, name, fid, year, teacher, semester, maxstudents, priority) VALUES (33, 'Algebra 2', 2, 1, 'meganstevens', 2, 201, 1);
INSERT INTO "course"(cid, name, fid, year, teacher, semester, maxstudents, priority) VALUES (34, 'Analiza 2', 2, 1, 'kareemjeffries', 2, 184, 1);
INSERT INTO "course"(cid, name, fid, year, teacher, semester, maxstudents, priority) VALUES (35, 'OOP', 2, 1, 'marilynchesley', 2, 154, 1);
INSERT INTO "course"(cid, name, fid, year, teacher, semester, maxstudents, priority) VALUES (36, 'Metode avansate de rezolvare a problemelor de matematica şi informatica', 2, 1, 'kristinajuenemann', 2, 209, 3);
INSERT INTO "course"(cid, name, fid, year, teacher, semester, maxstudents, priority) VALUES (37, 'Topologie', 2, 2, 'kareemjeffries', 3, 162, 1);
INSERT INTO "course"(cid, name, fid, year, teacher, semester, maxstudents, priority) VALUES (38, 'Geometrie 3', 2, 2, 'meganstevens', 3, 205, 1);
INSERT INTO "course"(cid, name, fid, year, teacher, semester, maxstudents, priority) VALUES (39, 'Ecuatii diferentiale', 2, 2, 'lorrainemitchell', 3, 210, 1);
INSERT INTO "course"(cid, name, fid, year, teacher, semester, maxstudents, priority) VALUES (40, 'Analiza convexa', 2, 2, 'kareemjeffries', 3, 180, 2);
INSERT INTO "course"(cid, name, fid, year, teacher, semester, maxstudents, priority) VALUES (41, 'Teoria probabilitatilor', 2, 2, 'ednatyler', 4, 199, 1);
INSERT INTO "course"(cid, name, fid, year, teacher, semester, maxstudents, priority) VALUES (42, 'Analiza numerica', 2, 2, 'ednatyler', 4, 179, 1);
INSERT INTO "course"(cid, name, fid, year, teacher, semester, maxstudents, priority) VALUES (43, 'Modelare matematica', 2, 2, 'adrianacoleman', 4, 192, 2);
INSERT INTO "course"(cid, name, fid, year, teacher, semester, maxstudents, priority) VALUES (44, 'Capitole speciale de ecuatii diferentiale', 2, 2, 'marilynchesley', 4, 208, 2);
INSERT INTO "course"(cid, name, fid, year, teacher, semester, maxstudents, priority) VALUES (45, 'Astronomie', 2, 3, 'angelawynne', 5, 162, 1);
INSERT INTO "course"(cid, name, fid, year, teacher, semester, maxstudents, priority) VALUES (46, 'Analiza functionala', 2, 3, 'lynnesepulveda', 5, 202, 1);
INSERT INTO "course"(cid, name, fid, year, teacher, semester, maxstudents, priority) VALUES (47, 'Matematica operatiunilor financiare', 2, 3, 'katrinamoore', 5, 168, 2);
INSERT INTO "course"(cid, name, fid, year, teacher, semester, maxstudents, priority) VALUES (48, 'Metode numerice cu aplicatii', 2, 3, 'lynnesepulveda', 5, 208, 2);
INSERT INTO "course"(cid, name, fid, year, teacher, semester, maxstudents, priority) VALUES (49, 'Metode numerice in mecanica', 2, 3, 'ednatyler', 5, 189, 2);
INSERT INTO "course"(cid, name, fid, year, teacher, semester, maxstudents, priority) VALUES (50, 'Complemente de algebra', 2, 3, 'sherryjohnson', 5, 184, 2);
INSERT INTO "course"(cid, name, fid, year, teacher, semester, maxstudents, priority) VALUES (51, 'Teoria numerelor', 2, 3, 'bradypruitt', 6, 198, 1);
INSERT INTO "course"(cid, name, fid, year, teacher, semester, maxstudents, priority) VALUES (52, 'Complemente de mecanica si astronomie', 2, 3, 'lynnesepulveda', 6, 161, 2);
INSERT INTO "course"(cid, name, fid, year, teacher, semester, maxstudents, priority) VALUES (53, 'Complemente de geometrie', 2, 3, 'angelapeck', 6, 191, 2);
INSERT INTO "course"(cid, name, fid, year, teacher, semester, maxstudents, priority) VALUES (54, 'Algebra 1', 3, 1, 'paullopez', 1, 191, 1);
INSERT INTO "course"(cid, name, fid, year, teacher, semester, maxstudents, priority) VALUES (55, 'Algoritmi si programare', 3, 1, 'gidgetreneau', 1, 151, 1);
INSERT INTO "course"(cid, name, fid, year, teacher, semester, maxstudents, priority) VALUES (56, 'Fundamentele programarii', 3, 1, 'gidgetreneau', 1, 191, 1);
INSERT INTO "course"(cid, name, fid, year, teacher, semester, maxstudents, priority) VALUES (57, 'Matematica de baza', 3, 1, 'angelapeck', 1, 196, 3);
INSERT INTO "course"(cid, name, fid, year, teacher, semester, maxstudents, priority) VALUES (58, 'Algebra 2', 3, 1, 'ednatyler', 2, 156, 1);
INSERT INTO "course"(cid, name, fid, year, teacher, semester, maxstudents, priority) VALUES (59, 'Structuri de date si algoritmi', 3, 1, 'meganstevens', 2, 202, 1);
INSERT INTO "course"(cid, name, fid, year, teacher, semester, maxstudents, priority) VALUES (60, 'OOP', 3, 1, 'adrianacoleman', 2, 170, 1);
INSERT INTO "course"(cid, name, fid, year, teacher, semester, maxstudents, priority) VALUES (61, 'Metode avansate de rezolvare a problemelor de matematica şi informatica', 3, 1, 'gidgetreneau', 2, 180, 3);
INSERT INTO "course"(cid, name, fid, year, teacher, semester, maxstudents, priority) VALUES (62, 'Topologie', 3, 2, 'craiglarson', 3, 194, 1);
INSERT INTO "course"(cid, name, fid, year, teacher, semester, maxstudents, priority) VALUES (63, 'Baze de date', 3, 2, 'eddiemulkey', 3, 194, 1);
INSERT INTO "course"(cid, name, fid, year, teacher, semester, maxstudents, priority) VALUES (64, 'Ecuatii diferentiale', 3, 2, 'angelawynne', 3, 180, 1);
INSERT INTO "course"(cid, name, fid, year, teacher, semester, maxstudents, priority) VALUES (65, 'Medii de proiectare si programare', 3, 2, 'kareemjeffries', 4, 208, 1);
INSERT INTO "course"(cid, name, fid, year, teacher, semester, maxstudents, priority) VALUES (66, 'Analiza numerica', 3, 2, 'angelapeck', 4, 158, 1);
INSERT INTO "course"(cid, name, fid, year, teacher, semester, maxstudents, priority) VALUES (67, 'Modelare matematica', 3, 2, 'kareemjeffries', 4, 192, 2);
INSERT INTO "course"(cid, name, fid, year, teacher, semester, maxstudents, priority) VALUES (68, 'Programare paralela si distribuita', 3, 3, 'ednatyler', 5, 171, 1);
INSERT INTO "course"(cid, name, fid, year, teacher, semester, maxstudents, priority) VALUES (69, 'Analiza functionala', 3, 3, 'lorrainemitchell', 5, 211, 1);
INSERT INTO "course"(cid, name, fid, year, teacher, semester, maxstudents, priority) VALUES (70, 'Matematica operatiunilor financiare', 3, 3, 'kareemjeffries', 5, 162, 2);
INSERT INTO "course"(cid, name, fid, year, teacher, semester, maxstudents, priority) VALUES (71, 'Protocoale specializate in retele de calculatoare', 3, 3, 'angelawynne', 5, 178, 2);
INSERT INTO "course"(cid, name, fid, year, teacher, semester, maxstudents, priority) VALUES (72, 'Metode numerice in mecanica', 3, 3, 'adrianacoleman', 5, 169, 2);
INSERT INTO "course"(cid, name, fid, year, teacher, semester, maxstudents, priority) VALUES (73, 'Complemente de algebra', 3, 3, 'eddiemulkey', 5, 175, 2);
INSERT INTO "course"(cid, name, fid, year, teacher, semester, maxstudents, priority) VALUES (74, 'Verificarea si validarea sistemelor soft', 3, 3, 'lorrainemitchell', 6, 213, 1);
INSERT INTO "course"(cid, name, fid, year, teacher, semester, maxstudents, priority) VALUES (75, 'Complemente de mecanica si astronomie', 3, 3, 'angelawynne', 6, 214, 2);
INSERT INTO "course"(cid, name, fid, year, teacher, semester, maxstudents, priority) VALUES (76, 'Invatare interactiva', 3, 3, 'lorrainemitchell', 6, 188, 2);
INSERT INTO "course"(cid, name, fid, year, teacher, semester, maxstudents, priority) VALUES (77, 'Algebra', 4, 1, 'sherryjohnson', 1, 198, 1);
INSERT INTO "course"(cid, name, fid, year, teacher, semester, maxstudents, priority) VALUES (78, 'Analiza', 4, 1, 'sherryjohnson', 1, 205, 1);
INSERT INTO "course"(cid, name, fid, year, teacher, semester, maxstudents, priority) VALUES (79, 'Chimie generala', 4, 1, 'meganstevens', 1, 186, 3);
INSERT INTO "course"(cid, name, fid, year, teacher, semester, maxstudents, priority) VALUES (80, 'Termodinamica', 4, 1, 'bradypruitt', 2, 188, 1);
INSERT INTO "course"(cid, name, fid, year, teacher, semester, maxstudents, priority) VALUES (81, 'Ecuatii diferentiale', 4, 1, 'kristinajuenemann', 2, 193, 1);
INSERT INTO "course"(cid, name, fid, year, teacher, semester, maxstudents, priority) VALUES (82, 'Informatica aplicaa in fizica', 4, 1, 'adrianacoleman', 2, 203, 3);
INSERT INTO "course"(cid, name, fid, year, teacher, semester, maxstudents, priority) VALUES (83, 'Optica', 4, 2, 'ednatyler', 3, 177, 1);
INSERT INTO "course"(cid, name, fid, year, teacher, semester, maxstudents, priority) VALUES (84, 'Electronica', 4, 2, 'ednatyler', 3, 202, 1);
INSERT INTO "course"(cid, name, fid, year, teacher, semester, maxstudents, priority) VALUES (85, 'Mecanica cuantica', 4, 2, 'kristinajuenemann', 3, 180, 3);
INSERT INTO "course"(cid, name, fid, year, teacher, semester, maxstudents, priority) VALUES (86, 'Fizica nucleara', 4, 2, 'marilynchesley', 4, 194, 1);
INSERT INTO "course"(cid, name, fid, year, teacher, semester, maxstudents, priority) VALUES (87, 'Fizica atomului', 4, 2, 'paullopez', 4, 154, 1);
INSERT INTO "course"(cid, name, fid, year, teacher, semester, maxstudents, priority) VALUES (88, 'Optia 2', 4, 2, 'craiglarson', 4, 177, 3);
INSERT INTO "course"(cid, name, fid, year, teacher, semester, maxstudents, priority) VALUES (89, 'Fizica moleculei', 4, 3, 'bradypruitt', 5, 171, 1);
INSERT INTO "course"(cid, name, fid, year, teacher, semester, maxstudents, priority) VALUES (90, 'Fizica solidului', 4, 3, 'pedrobueno', 5, 173, 1);
INSERT INTO "course"(cid, name, fid, year, teacher, semester, maxstudents, priority) VALUES (91, 'Spectroscopie si laseri', 4, 3, 'meganstevens', 5, 199, 2);
INSERT INTO "course"(cid, name, fid, year, teacher, semester, maxstudents, priority) VALUES (92, 'Fizica semiconductorului', 4, 3, 'lynnesepulveda', 6, 170, 1);
INSERT INTO "course"(cid, name, fid, year, teacher, semester, maxstudents, priority) VALUES (93, 'Curs optional 1', 4, 3, 'sherryjohnson', 6, 177, 2);
INSERT INTO "course"(cid, name, fid, year, teacher, semester, maxstudents, priority) VALUES (94, 'Curs optional 2', 4, 3, 'adrianacoleman', 6, 181, 2);
INSERT INTO "course"(cid, name, fid, year, teacher, semester, maxstudents, priority) VALUES (95, 'Algebra', 5, 1, 'gidgetreneau', 1, 163, 1);
INSERT INTO "course"(cid, name, fid, year, teacher, semester, maxstudents, priority) VALUES (96, 'Analiza', 5, 1, 'lynnesepulveda', 1, 179, 1);
INSERT INTO "course"(cid, name, fid, year, teacher, semester, maxstudents, priority) VALUES (97, 'Fundamentele Programarii', 5, 1, 'adrianacoleman', 1, 165, 3);
INSERT INTO "course"(cid, name, fid, year, teacher, semester, maxstudents, priority) VALUES (98, 'Termodinamica', 5, 1, 'bradypruitt', 2, 195, 1);
INSERT INTO "course"(cid, name, fid, year, teacher, semester, maxstudents, priority) VALUES (99, 'Ecuatii diferentiale', 5, 1, 'craiglarson', 2, 192, 1);
INSERT INTO "course"(cid, name, fid, year, teacher, semester, maxstudents, priority) VALUES (100, 'OOP', 5, 1, 'katrinamoore', 2, 210, 3);
INSERT INTO "course"(cid, name, fid, year, teacher, semester, maxstudents, priority) VALUES (101, 'Optica', 5, 2, 'lorrainemitchell', 3, 158, 1);
INSERT INTO "course"(cid, name, fid, year, teacher, semester, maxstudents, priority) VALUES (102, 'Electronica', 5, 2, 'lynnesepulveda', 3, 206, 1);
INSERT INTO "course"(cid, name, fid, year, teacher, semester, maxstudents, priority) VALUES (103, 'Mecanica cuantica', 5, 2, 'alaynarenick', 3, 210, 3);
INSERT INTO "course"(cid, name, fid, year, teacher, semester, maxstudents, priority) VALUES (104, 'Fizica nucleara', 5, 2, 'paullopez', 4, 207, 1);
INSERT INTO "course"(cid, name, fid, year, teacher, semester, maxstudents, priority) VALUES (105, 'Metode avansate de programare', 5, 2, 'bradypruitt', 4, 172, 1);
INSERT INTO "course"(cid, name, fid, year, teacher, semester, maxstudents, priority) VALUES (106, 'Optia 2', 5, 2, 'katrinamoore', 4, 203, 3);
INSERT INTO "course"(cid, name, fid, year, teacher, semester, maxstudents, priority) VALUES (107, 'Fizica moleculei', 5, 3, 'bradypruitt', 5, 156, 1);
INSERT INTO "course"(cid, name, fid, year, teacher, semester, maxstudents, priority) VALUES (108, 'Sisteme de operare', 5, 3, 'bradypruitt', 5, 169, 1);
INSERT INTO "course"(cid, name, fid, year, teacher, semester, maxstudents, priority) VALUES (109, 'Spectroscopie si laseri', 5, 3, 'bradypruitt', 5, 174, 2);
INSERT INTO "course"(cid, name, fid, year, teacher, semester, maxstudents, priority) VALUES (110, 'Fizica semiconductorului', 5, 3, 'alaynarenick', 6, 173, 1);
INSERT INTO "course"(cid, name, fid, year, teacher, semester, maxstudents, priority) VALUES (111, 'Curs optional 1', 5, 3, 'gidgetreneau', 6, 190, 2);
INSERT INTO "course"(cid, name, fid, year, teacher, semester, maxstudents, priority) VALUES (112, 'Curs optional 2', 5, 3, 'alaynarenick', 6, 188, 2);
INSERT INTO "course"(cid, name, fid, year, teacher, semester, maxstudents, priority) VALUES (113, 'Algebra', 6, 1, 'angelapeck', 1, 166, 1);
INSERT INTO "course"(cid, name, fid, year, teacher, semester, maxstudents, priority) VALUES (114, 'Analiza', 6, 1, 'kareemjeffries', 1, 213, 1);
INSERT INTO "course"(cid, name, fid, year, teacher, semester, maxstudents, priority) VALUES (115, 'Chimie generala', 6, 1, 'lynnesepulveda', 1, 207, 1);
INSERT INTO "course"(cid, name, fid, year, teacher, semester, maxstudents, priority) VALUES (116, 'Termodinamica', 6, 1, 'katrinamoore', 2, 192, 1);
INSERT INTO "course"(cid, name, fid, year, teacher, semester, maxstudents, priority) VALUES (117, 'Ecuatii diferentiale', 6, 1, 'angelapeck', 2, 173, 1);
INSERT INTO "course"(cid, name, fid, year, teacher, semester, maxstudents, priority) VALUES (118, 'Informatica aplicaa in fizica', 6, 1, 'alaynarenick', 2, 194, 3);
INSERT INTO "course"(cid, name, fid, year, teacher, semester, maxstudents, priority) VALUES (119, 'Biofizica', 6, 2, 'kareemjeffries', 3, 205, 1);
INSERT INTO "course"(cid, name, fid, year, teacher, semester, maxstudents, priority) VALUES (120, 'Biochimie', 6, 2, 'katrinamoore', 3, 209, 1);
INSERT INTO "course"(cid, name, fid, year, teacher, semester, maxstudents, priority) VALUES (121, 'Optica', 6, 2, 'angelapeck', 3, 207, 3);
INSERT INTO "course"(cid, name, fid, year, teacher, semester, maxstudents, priority) VALUES (122, 'Fizica nucleara', 6, 2, 'bradypruitt', 4, 210, 1);
INSERT INTO "course"(cid, name, fid, year, teacher, semester, maxstudents, priority) VALUES (123, 'Fizica atomului', 6, 2, 'meganstevens', 4, 204, 1);
INSERT INTO "course"(cid, name, fid, year, teacher, semester, maxstudents, priority) VALUES (124, 'Optia 2', 6, 2, 'katrinamoore', 4, 209, 3);
INSERT INTO "course"(cid, name, fid, year, teacher, semester, maxstudents, priority) VALUES (125, 'Fizica moleculei', 6, 3, 'kareemjeffries', 5, 151, 1);
INSERT INTO "course"(cid, name, fid, year, teacher, semester, maxstudents, priority) VALUES (126, 'Fizica solidului', 6, 3, 'sherryjohnson', 5, 209, 1);
INSERT INTO "course"(cid, name, fid, year, teacher, semester, maxstudents, priority) VALUES (127, 'Medicina nucleara', 6, 3, 'marilynchesley', 5, 159, 2);
INSERT INTO "course"(cid, name, fid, year, teacher, semester, maxstudents, priority) VALUES (128, 'Radiologie', 6, 3, 'loydpospisil', 6, 186, 1);
INSERT INTO "course"(cid, name, fid, year, teacher, semester, maxstudents, priority) VALUES (129, 'Curs optional 1', 6, 3, 'bradypruitt', 6, 155, 2);
INSERT INTO "course"(cid, name, fid, year, teacher, semester, maxstudents, priority) VALUES (130, 'Curs optional 2', 6, 3, 'adrianacoleman', 6, 171, 2);
INSERT INTO "course"(cid, name, fid, year, teacher, semester, maxstudents, priority) VALUES (131, 'Introducere in istoria veche universala', 7, 1, 'paullopez', 1, 194, 1);
INSERT INTO "course"(cid, name, fid, year, teacher, semester, maxstudents, priority) VALUES (132, 'Introducere in istoria veche a României', 7, 1, 'katrinamoore', 1, 173, 1);
INSERT INTO "course"(cid, name, fid, year, teacher, semester, maxstudents, priority) VALUES (133, 'stiintele auxiliare ale istoriei', 7, 1, 'gidgetreneau', 1, 170, 3);
INSERT INTO "course"(cid, name, fid, year, teacher, semester, maxstudents, priority) VALUES (134, 'Introducere in istoria medie universala', 7, 1, 'gidgetreneau', 2, 158, 1);
INSERT INTO "course"(cid, name, fid, year, teacher, semester, maxstudents, priority) VALUES (135, 'Istoria Bizantului', 7, 1, 'meganstevens', 2, 198, 1);
INSERT INTO "course"(cid, name, fid, year, teacher, semester, maxstudents, priority) VALUES (136, 'Introducere in metodologia cercetarii stiintifice', 7, 1, 'angelawynne', 2, 192, 3);
INSERT INTO "course"(cid, name, fid, year, teacher, semester, maxstudents, priority) VALUES (137, 'Introducere in istoria moderna universala', 7, 2, 'marilynchesley', 3, 181, 1);
INSERT INTO "course"(cid, name, fid, year, teacher, semester, maxstudents, priority) VALUES (138, 'Relaţii internaţionale in secolele XVIII-XIX', 7, 2, 'adrianacoleman', 3, 195, 1);
INSERT INTO "course"(cid, name, fid, year, teacher, semester, maxstudents, priority) VALUES (139, 'Istoria mentalitaţilor colective', 7, 2, 'kristinajuenemann', 3, 167, 3);
INSERT INTO "course"(cid, name, fid, year, teacher, semester, maxstudents, priority) VALUES (140, 'Introducere in istoria contemporana universala', 7, 2, 'angelapeck', 4, 167, 1);
INSERT INTO "course"(cid, name, fid, year, teacher, semester, maxstudents, priority) VALUES (141, 'Introducere in istoria contemporana a României', 7, 2, 'marilynchesley', 4, 204, 1);
INSERT INTO "course"(cid, name, fid, year, teacher, semester, maxstudents, priority) VALUES (142, 'Istoria integrarii europene', 7, 2, 'adrianacoleman', 4, 154, 3);
INSERT INTO "course"(cid, name, fid, year, teacher, semester, maxstudents, priority) VALUES (143, 'Istoria si teoria artei', 7, 3, 'loydpospisil', 5, 180, 1);
INSERT INTO "course"(cid, name, fid, year, teacher, semester, maxstudents, priority) VALUES (144, 'Paleografii 1', 7, 3, 'lynnesepulveda', 5, 190, 1);
INSERT INTO "course"(cid, name, fid, year, teacher, semester, maxstudents, priority) VALUES (145, 'Curs special 1', 7, 3, 'lorrainemitchell', 5, 155, 2);
INSERT INTO "course"(cid, name, fid, year, teacher, semester, maxstudents, priority) VALUES (146, 'Introducere in teoria istoriei', 7, 3, 'eddiemulkey', 6, 175, 1);
INSERT INTO "course"(cid, name, fid, year, teacher, semester, maxstudents, priority) VALUES (147, 'Paleografii 2', 7, 3, 'loydpospisil', 6, 204, 1);
INSERT INTO "course"(cid, name, fid, year, teacher, semester, maxstudents, priority) VALUES (148, 'Curs optional 2: Limba izvoarelor II - latina', 7, 3, 'adrianacoleman', 6, 158, 2);
INSERT INTO "course"(cid, name, fid, year, teacher, semester, maxstudents, priority) VALUES (149, 'Geografie generala', 8, 1, 'kristinajuenemann', 1, 166, 1);
INSERT INTO "course"(cid, name, fid, year, teacher, semester, maxstudents, priority) VALUES (150, 'Geologie generala', 8, 1, 'angelawynne', 1, 202, 1);
INSERT INTO "course"(cid, name, fid, year, teacher, semester, maxstudents, priority) VALUES (151, 'Fundamente de antreprenoriat', 8, 1, 'sherryjohnson', 1, 214, 1);
INSERT INTO "course"(cid, name, fid, year, teacher, semester, maxstudents, priority) VALUES (152, 'Geomorfologie', 8, 1, 'bradypruitt', 2, 197, 1);
INSERT INTO "course"(cid, name, fid, year, teacher, semester, maxstudents, priority) VALUES (153, 'Geografie regionala', 8, 1, 'angelapeck', 2, 206, 1);
INSERT INTO "course"(cid, name, fid, year, teacher, semester, maxstudents, priority) VALUES (154, 'Fundamente de antreprenoriat 2', 8, 1, 'kristinajuenemann', 2, 167, 3);
INSERT INTO "course"(cid, name, fid, year, teacher, semester, maxstudents, priority) VALUES (155, 'Geografia asezarilor', 8, 2, 'craiglarson', 3, 154, 1);
INSERT INTO "course"(cid, name, fid, year, teacher, semester, maxstudents, priority) VALUES (156, 'Geografia fizica a romaniei', 8, 2, 'kristinajuenemann', 3, 213, 1);
INSERT INTO "course"(cid, name, fid, year, teacher, semester, maxstudents, priority) VALUES (157, 'Toponomie geografica', 8, 2, 'katrinamoore', 3, 181, 2);
INSERT INTO "course"(cid, name, fid, year, teacher, semester, maxstudents, priority) VALUES (158, 'Geografia umana a romaniei', 8, 2, 'bradypruitt', 4, 186, 1);
INSERT INTO "course"(cid, name, fid, year, teacher, semester, maxstudents, priority) VALUES (159, 'Pedogeografie', 8, 2, 'katrinamoore', 4, 203, 1);
INSERT INTO "course"(cid, name, fid, year, teacher, semester, maxstudents, priority) VALUES (160, 'Geografia uniunii europene', 8, 2, 'meganstevens', 4, 179, 2);
INSERT INTO "course"(cid, name, fid, year, teacher, semester, maxstudents, priority) VALUES (161, 'Geografia peisajului', 8, 3, 'pedrobueno', 5, 213, 1);
INSERT INTO "course"(cid, name, fid, year, teacher, semester, maxstudents, priority) VALUES (162, 'Organizarea spatiului geografic', 8, 3, 'paullopez', 5, 163, 1);
INSERT INTO "course"(cid, name, fid, year, teacher, semester, maxstudents, priority) VALUES (163, 'Geografie sociala', 8, 3, 'lynnesepulveda', 5, 187, 2);
INSERT INTO "course"(cid, name, fid, year, teacher, semester, maxstudents, priority) VALUES (164, 'Geografia turismului', 8, 3, 'loydpospisil', 6, 215, 1);
INSERT INTO "course"(cid, name, fid, year, teacher, semester, maxstudents, priority) VALUES (165, 'Planificare teritoriala', 8, 3, 'kareemjeffries', 6, 166, 2);
INSERT INTO "course"(cid, name, fid, year, teacher, semester, maxstudents, priority) VALUES (166, 'Oceanografie', 8, 3, 'craiglarson', 6, 174, 2);
INSERT INTO "course"(cid, name, fid, year, teacher, semester, maxstudents, priority) VALUES (167, 'Geografie generala', 9, 1, 'gidgetreneau', 1, 170, 1);
INSERT INTO "course"(cid, name, fid, year, teacher, semester, maxstudents, priority) VALUES (168, 'Geografie generala a turismului', 9, 1, 'angelapeck', 1, 194, 1);
INSERT INTO "course"(cid, name, fid, year, teacher, semester, maxstudents, priority) VALUES (169, 'Fundamente de antreprenoriat', 9, 1, 'lynnesepulveda', 1, 186, 1);
INSERT INTO "course"(cid, name, fid, year, teacher, semester, maxstudents, priority) VALUES (170, 'Geografia regionala a romaniei', 9, 1, 'katrinamoore', 2, 181, 1);
INSERT INTO "course"(cid, name, fid, year, teacher, semester, maxstudents, priority) VALUES (171, 'Arhitectura in turism', 9, 1, 'alaynarenick', 2, 196, 1);
INSERT INTO "course"(cid, name, fid, year, teacher, semester, maxstudents, priority) VALUES (172, 'Fundamente de antreprenoriat 2', 9, 1, 'katrinamoore', 2, 173, 3);
INSERT INTO "course"(cid, name, fid, year, teacher, semester, maxstudents, priority) VALUES (173, 'Geografia turismului in Romania', 9, 2, 'eddiemulkey', 3, 208, 1);
INSERT INTO "course"(cid, name, fid, year, teacher, semester, maxstudents, priority) VALUES (174, 'Organizarea intreprinderilor si serviciilor in turism', 9, 2, 'loydpospisil', 3, 191, 1);
INSERT INTO "course"(cid, name, fid, year, teacher, semester, maxstudents, priority) VALUES (175, 'Cultura si civilizatie britanica', 9, 2, 'ednatyler', 3, 181, 3);
INSERT INTO "course"(cid, name, fid, year, teacher, semester, maxstudents, priority) VALUES (176, 'Management turistic', 9, 2, 'marilynchesley', 4, 164, 1);
INSERT INTO "course"(cid, name, fid, year, teacher, semester, maxstudents, priority) VALUES (177, 'Comunicare si imagine in turism', 9, 2, 'kristinajuenemann', 4, 181, 1);
INSERT INTO "course"(cid, name, fid, year, teacher, semester, maxstudents, priority) VALUES (178, 'Istoria turismului', 9, 2, 'kareemjeffries', 4, 189, 2);
INSERT INTO "course"(cid, name, fid, year, teacher, semester, maxstudents, priority) VALUES (179, 'Prospectare si strategii de dezvoltare turistica', 9, 3, 'katrinamoore', 5, 195, 1);
INSERT INTO "course"(cid, name, fid, year, teacher, semester, maxstudents, priority) VALUES (180, 'Ecoturism şi dezvoltare durabila', 9, 3, 'adrianacoleman', 5, 178, 1);
INSERT INTO "course"(cid, name, fid, year, teacher, semester, maxstudents, priority) VALUES (181, 'Turism rural', 9, 3, 'katrinamoore', 5, 153, 2);
INSERT INTO "course"(cid, name, fid, year, teacher, semester, maxstudents, priority) VALUES (182, 'Geografie economica', 9, 3, 'loydpospisil', 6, 190, 1);
INSERT INTO "course"(cid, name, fid, year, teacher, semester, maxstudents, priority) VALUES (183, 'Economia turismului şi intreprinderii de turism', 9, 3, 'sherryjohnson', 6, 206, 2);
INSERT INTO "course"(cid, name, fid, year, teacher, semester, maxstudents, priority) VALUES (184, 'Geografie sociala', 9, 3, 'katrinamoore', 6, 184, 2);

INSERT INTO "optional course"(cid, username) VALUES (19, 'lorrainemitchell');
INSERT INTO "optional course"(cid, username) VALUES (20, 'kareemjeffries');
INSERT INTO "optional course"(cid, username) VALUES (21, 'pedrobueno');
INSERT INTO "optional course"(cid, username) VALUES (22, 'alaynarenick');
INSERT INTO "optional course"(cid, username) VALUES (25, 'bradypruitt');
INSERT INTO "optional course"(cid, username) VALUES (26, 'paullopez');
INSERT INTO "optional course"(cid, username) VALUES (27, 'adrianacoleman');
INSERT INTO "optional course"(cid, username) VALUES (28, 'katrinamoore');
INSERT INTO "optional course"(cid, username) VALUES (40, 'kareemjeffries');
INSERT INTO "optional course"(cid, username) VALUES (43, 'adrianacoleman');
INSERT INTO "optional course"(cid, username) VALUES (44, 'marilynchesley');
INSERT INTO "optional course"(cid, username) VALUES (47, 'katrinamoore');
INSERT INTO "optional course"(cid, username) VALUES (48, 'lynnesepulveda');
INSERT INTO "optional course"(cid, username) VALUES (49, 'ednatyler');
INSERT INTO "optional course"(cid, username) VALUES (50, 'sherryjohnson');
INSERT INTO "optional course"(cid, username) VALUES (52, 'lynnesepulveda');
INSERT INTO "optional course"(cid, username) VALUES (53, 'angelapeck');
INSERT INTO "optional course"(cid, username) VALUES (67, 'kareemjeffries');
INSERT INTO "optional course"(cid, username) VALUES (70, 'kareemjeffries');
INSERT INTO "optional course"(cid, username) VALUES (71, 'angelawynne');
INSERT INTO "optional course"(cid, username) VALUES (72, 'adrianacoleman');
INSERT INTO "optional course"(cid, username) VALUES (73, 'eddiemulkey');
INSERT INTO "optional course"(cid, username) VALUES (75, 'angelawynne');
INSERT INTO "optional course"(cid, username) VALUES (76, 'lorrainemitchell');
INSERT INTO "optional course"(cid, username) VALUES (91, 'meganstevens');
INSERT INTO "optional course"(cid, username) VALUES (93, 'sherryjohnson');
INSERT INTO "optional course"(cid, username) VALUES (94, 'adrianacoleman');
INSERT INTO "optional course"(cid, username) VALUES (109, 'bradypruitt');
INSERT INTO "optional course"(cid, username) VALUES (111, 'gidgetreneau');
INSERT INTO "optional course"(cid, username) VALUES (112, 'alaynarenick');
INSERT INTO "optional course"(cid, username) VALUES (127, 'marilynchesley');
INSERT INTO "optional course"(cid, username) VALUES (129, 'bradypruitt');
INSERT INTO "optional course"(cid, username) VALUES (130, 'adrianacoleman');
INSERT INTO "optional course"(cid, username) VALUES (145, 'lorrainemitchell');
INSERT INTO "optional course"(cid, username) VALUES (148, 'adrianacoleman');
INSERT INTO "optional course"(cid, username) VALUES (157, 'katrinamoore');
INSERT INTO "optional course"(cid, username) VALUES (160, 'meganstevens');
INSERT INTO "optional course"(cid, username) VALUES (163, 'lynnesepulveda');
INSERT INTO "optional course"(cid, username) VALUES (165, 'kareemjeffries');
INSERT INTO "optional course"(cid, username) VALUES (166, 'craiglarson');
INSERT INTO "optional course"(cid, username) VALUES (178, 'kareemjeffries');
INSERT INTO "optional course"(cid, username) VALUES (181, 'katrinamoore');
INSERT INTO "optional course"(cid, username) VALUES (183, 'sherryjohnson');
INSERT INTO "optional course"(cid, username) VALUES (184, 'katrinamoore');

INSERT INTO "studentenrollment"(username, fid, year) VALUES ('devonross', 5, 1);
INSERT INTO "studentenrollment"(username, fid, year) VALUES ('anitasullivan', 2, 2);
INSERT INTO "studentenrollment"(username, fid, year) VALUES ('doloresbatdorf', 3, 3);
INSERT INTO "studentenrollment"(username, fid, year) VALUES ('doloresbatdorf', 6, 2);
INSERT INTO "studentenrollment"(username, fid, year) VALUES ('cierracorriveau', 4, 2);
INSERT INTO "studentenrollment"(username, fid, year) VALUES ('claytontufte', 3, 1);
INSERT INTO "studentenrollment"(username, fid, year) VALUES ('markhall', 6, 3);
INSERT INTO "studentenrollment"(username, fid, year) VALUES ('kevinlamont', 7, 3);
INSERT INTO "studentenrollment"(username, fid, year) VALUES ('ritahall', 5, 3);
INSERT INTO "studentenrollment"(username, fid, year) VALUES ('christopherramirez', 1, 2);
INSERT INTO "studentenrollment"(username, fid, year) VALUES ('thomasdavis', 6, 3);
INSERT INTO "studentenrollment"(username, fid, year) VALUES ('thomasdavis', 7, 3);
INSERT INTO "studentenrollment"(username, fid, year) VALUES ('edwardlara', 6, 1);
INSERT INTO "studentenrollment"(username, fid, year) VALUES ('berthacraddock', 1, 3);
INSERT INTO "studentenrollment"(username, fid, year) VALUES ('jesuspoeschel', 2, 2);
INSERT INTO "studentenrollment"(username, fid, year) VALUES ('claraekstrom', 8, 2);
INSERT INTO "studentenrollment"(username, fid, year) VALUES ('stevenanderson', 9, 1);
INSERT INTO "studentenrollment"(username, fid, year) VALUES ('bettysmith', 1, 3);
INSERT INTO "studentenrollment"(username, fid, year) VALUES ('johnwelke', 5, 2);
INSERT INTO "studentenrollment"(username, fid, year) VALUES ('raythompson', 1, 3);
INSERT INTO "studentenrollment"(username, fid, year) VALUES ('jamespost', 8, 2);
INSERT INTO "studentenrollment"(username, fid, year) VALUES ('eugeniegarza', 2, 3);
INSERT INTO "studentenrollment"(username, fid, year) VALUES ('edwardbrummell', 5, 2);
INSERT INTO "studentenrollment"(username, fid, year) VALUES ('johnettanorman', 6, 3);
INSERT INTO "studentenrollment"(username, fid, year) VALUES ('jasonoritz', 6, 1);
INSERT INTO "studentenrollment"(username, fid, year) VALUES ('lloydmitchem', 9, 3);
INSERT INTO "studentenrollment"(username, fid, year) VALUES ('waynekathan', 3, 3);
INSERT INTO "studentenrollment"(username, fid, year) VALUES ('normanthoren', 5, 1);
INSERT INTO "studentenrollment"(username, fid, year) VALUES ('normanthoren', 7, 1);
INSERT INTO "studentenrollment"(username, fid, year) VALUES ('juanwillis', 2, 1);
INSERT INTO "studentenrollment"(username, fid, year) VALUES ('juliahobbs', 2, 3);
INSERT INTO "studentenrollment"(username, fid, year) VALUES ('josieminjares', 8, 2);
INSERT INTO "studentenrollment"(username, fid, year) VALUES ('josieminjares', 9, 3);
INSERT INTO "studentenrollment"(username, fid, year) VALUES ('josephkindle', 6, 3);
INSERT INTO "studentenrollment"(username, fid, year) VALUES ('angelamolina', 9, 3);
INSERT INTO "studentenrollment"(username, fid, year) VALUES ('cleolouis', 4, 3);
INSERT INTO "studentenrollment"(username, fid, year) VALUES ('michaeldraughn', 1, 3);
INSERT INTO "studentenrollment"(username, fid, year) VALUES ('elvadavis', 6, 3);
INSERT INTO "studentenrollment"(username, fid, year) VALUES ('wandadavenport', 2, 2);
INSERT INTO "studentenrollment"(username, fid, year) VALUES ('williamhill', 3, 1);
INSERT INTO "studentenrollment"(username, fid, year) VALUES ('glorialevitan', 7, 3);
INSERT INTO "studentenrollment"(username, fid, year) VALUES ('mikethompson', 2, 1);
INSERT INTO "studentenrollment"(username, fid, year) VALUES ('antonioruiz', 8, 3);
INSERT INTO "studentenrollment"(username, fid, year) VALUES ('janetgladney', 1, 2);
INSERT INTO "studentenrollment"(username, fid, year) VALUES ('janetgladney', 9, 2);
INSERT INTO "studentenrollment"(username, fid, year) VALUES ('kennyiversen', 2, 3);
INSERT INTO "studentenrollment"(username, fid, year) VALUES ('jameseden', 4, 3);
INSERT INTO "studentenrollment"(username, fid, year) VALUES ('loricole', 2, 2);
INSERT INTO "studentenrollment"(username, fid, year) VALUES ('williamcoen', 4, 2);
INSERT INTO "studentenrollment"(username, fid, year) VALUES ('robertmoore', 7, 1);
INSERT INTO "studentenrollment"(username, fid, year) VALUES ('charlesbarth', 6, 1);
INSERT INTO "studentenrollment"(username, fid, year) VALUES ('janicedubuque', 5, 3);
INSERT INTO "studentenrollment"(username, fid, year) VALUES ('robertmccoy', 8, 1);
INSERT INTO "studentenrollment"(username, fid, year) VALUES ('samuelenyart', 1, 1);
INSERT INTO "studentenrollment"(username, fid, year) VALUES ('billiethompson', 2, 3);

INSERT INTO "optional course enrollment"(username, cid) VALUES ('lloydmitchem', 129);
INSERT INTO "optional course enrollment"(username, cid) VALUES ('lloydmitchem', 111);
INSERT INTO "optional course enrollment"(username, cid) VALUES ('lloydmitchem', 148);
INSERT INTO "optional course enrollment"(username, cid) VALUES ('lloydmitchem', 184);
INSERT INTO "optional course enrollment"(username, cid) VALUES ('lloydmitchem', 19);
INSERT INTO "optional course enrollment"(username, cid) VALUES ('johnettanorman', 157);
INSERT INTO "optional course enrollment"(username, cid) VALUES ('johnettanorman', 145);
INSERT INTO "optional course enrollment"(username, cid) VALUES ('johnettanorman', 165);
INSERT INTO "optional course enrollment"(username, cid) VALUES ('johnettanorman', 91);
INSERT INTO "optional course enrollment"(username, cid) VALUES ('janicedubuque', 93);
INSERT INTO "optional course enrollment"(username, cid) VALUES ('janicedubuque', 28);
INSERT INTO "optional course enrollment"(username, cid) VALUES ('janicedubuque', 130);
INSERT INTO "optional course enrollment"(username, cid) VALUES ('berthacraddock', 72);
INSERT INTO "optional course enrollment"(username, cid) VALUES ('berthacraddock', 27);
INSERT INTO "optional course enrollment"(username, cid) VALUES ('berthacraddock', 50);
INSERT INTO "optional course enrollment"(username, cid) VALUES ('berthacraddock', 19);
INSERT INTO "optional course enrollment"(username, cid) VALUES ('josieminjares', 127);
INSERT INTO "optional course enrollment"(username, cid) VALUES ('josieminjares', 50);
INSERT INTO "optional course enrollment"(username, cid) VALUES ('josieminjares', 67);
INSERT INTO "optional course enrollment"(username, cid) VALUES ('josieminjares', 40);
INSERT INTO "optional course enrollment"(username, cid) VALUES ('anitasullivan', 184);
INSERT INTO "optional course enrollment"(username, cid) VALUES ('anitasullivan', 163);
INSERT INTO "optional course enrollment"(username, cid) VALUES ('anitasullivan', 130);
INSERT INTO "optional course enrollment"(username, cid) VALUES ('anitasullivan', 111);
INSERT INTO "optional course enrollment"(username, cid) VALUES ('anitasullivan', 73);
INSERT INTO "optional course enrollment"(username, cid) VALUES ('billiethompson', 43);
INSERT INTO "optional course enrollment"(username, cid) VALUES ('billiethompson', 22);
INSERT INTO "optional course enrollment"(username, cid) VALUES ('raythompson', 28);
INSERT INTO "optional course enrollment"(username, cid) VALUES ('raythompson', 148);
INSERT INTO "optional course enrollment"(username, cid) VALUES ('raythompson', 73);
INSERT INTO "optional course enrollment"(username, cid) VALUES ('raythompson', 129);
INSERT INTO "optional course enrollment"(username, cid) VALUES ('williamcoen', 67);
INSERT INTO "optional course enrollment"(username, cid) VALUES ('williamcoen', 71);
INSERT INTO "optional course enrollment"(username, cid) VALUES ('williamcoen', 178);
INSERT INTO "optional course enrollment"(username, cid) VALUES ('williamcoen', 94);
INSERT INTO "optional course enrollment"(username, cid) VALUES ('williamcoen', 112);
INSERT INTO "optional course enrollment"(username, cid) VALUES ('kevinlamont', 130);
INSERT INTO "optional course enrollment"(username, cid) VALUES ('kevinlamont', 145);
INSERT INTO "optional course enrollment"(username, cid) VALUES ('edwardbrummell', 19);
INSERT INTO "optional course enrollment"(username, cid) VALUES ('edwardbrummell', 40);
INSERT INTO "optional course enrollment"(username, cid) VALUES ('thomasdavis', 184);
INSERT INTO "optional course enrollment"(username, cid) VALUES ('ritahall', 178);
INSERT INTO "optional course enrollment"(username, cid) VALUES ('ritahall', 160);
INSERT INTO "optional course enrollment"(username, cid) VALUES ('ritahall', 71);
INSERT INTO "optional course enrollment"(username, cid) VALUES ('jameseden', 166);
INSERT INTO "optional course enrollment"(username, cid) VALUES ('jameseden', 27);
INSERT INTO "optional course enrollment"(username, cid) VALUES ('jameseden', 44);
INSERT INTO "optional course enrollment"(username, cid) VALUES ('janetgladney', 165);
INSERT INTO "optional course enrollment"(username, cid) VALUES ('thomasdavis', 148);
INSERT INTO "optional course enrollment"(username, cid) VALUES ('thomasdavis', 48);
INSERT INTO "optional course enrollment"(username, cid) VALUES ('thomasdavis', 112);
INSERT INTO "optional course enrollment"(username, cid) VALUES ('waynekathan', 40);
INSERT INTO "optional course enrollment"(username, cid) VALUES ('jesuspoeschel', 109);
INSERT INTO "optional course enrollment"(username, cid) VALUES ('claraekstrom', 166);
INSERT INTO "optional course enrollment"(username, cid) VALUES ('claraekstrom', 160);
INSERT INTO "optional course enrollment"(username, cid) VALUES ('claraekstrom', 25);
INSERT INTO "optional course enrollment"(username, cid) VALUES ('doloresbatdorf', 148);
INSERT INTO "optional course enrollment"(username, cid) VALUES ('doloresbatdorf', 44);
INSERT INTO "optional course enrollment"(username, cid) VALUES ('doloresbatdorf', 28);
INSERT INTO "optional course enrollment"(username, cid) VALUES ('michaeldraughn', 73);
INSERT INTO "optional course enrollment"(username, cid) VALUES ('michaeldraughn', 72);
INSERT INTO "optional course enrollment"(username, cid) VALUES ('michaeldraughn', 160);
INSERT INTO "optional course enrollment"(username, cid) VALUES ('bettysmith', 91);
INSERT INTO "optional course enrollment"(username, cid) VALUES ('kennyiversen', 71);
INSERT INTO "optional course enrollment"(username, cid) VALUES ('kennyiversen', 20);
INSERT INTO "optional course enrollment"(username, cid) VALUES ('kennyiversen', 44);
INSERT INTO "optional course enrollment"(username, cid) VALUES ('angelamolina', 44);
INSERT INTO "optional course enrollment"(username, cid) VALUES ('angelamolina', 27);
INSERT INTO "optional course enrollment"(username, cid) VALUES ('angelamolina', 160);
INSERT INTO "optional course enrollment"(username, cid) VALUES ('angelamolina', 75);
INSERT INTO "optional course enrollment"(username, cid) VALUES ('janetgladney', 109);
INSERT INTO "optional course enrollment"(username, cid) VALUES ('janetgladney', 148);
INSERT INTO "optional course enrollment"(username, cid) VALUES ('josieminjares', 53);
INSERT INTO "optional course enrollment"(username, cid) VALUES ('josephkindle', 72);
INSERT INTO "optional course enrollment"(username, cid) VALUES ('josephkindle', 112);
INSERT INTO "optional course enrollment"(username, cid) VALUES ('josephkindle', 53);
INSERT INTO "optional course enrollment"(username, cid) VALUES ('cleolouis', 184);
INSERT INTO "optional course enrollment"(username, cid) VALUES ('cleolouis', 111);
INSERT INTO "optional course enrollment"(username, cid) VALUES ('jamespost', 48);
INSERT INTO "optional course enrollment"(username, cid) VALUES ('jamespost', 181);
INSERT INTO "optional course enrollment"(username, cid) VALUES ('jamespost', 25);
INSERT INTO "optional course enrollment"(username, cid) VALUES ('juliahobbs', 19);
INSERT INTO "optional course enrollment"(username, cid) VALUES ('juliahobbs', 183);
INSERT INTO "optional course enrollment"(username, cid) VALUES ('juliahobbs', 109);
INSERT INTO "optional course enrollment"(username, cid) VALUES ('cierracorriveau', 148);
INSERT INTO "optional course enrollment"(username, cid) VALUES ('cierracorriveau', 181);

INSERT INTO "grade"(gradevalue, username, cid) VALUES (6, 'christopherramirez', 2);
INSERT INTO "grade"(gradevalue, username, cid) VALUES (10, 'berthacraddock', 3);
INSERT INTO "grade"(gradevalue, username, cid) VALUES (10, 'bettysmith', 3);
INSERT INTO "grade"(gradevalue, username, cid) VALUES (6, 'raythompson', 3);
INSERT INTO "grade"(gradevalue, username, cid) VALUES (10, 'michaeldraughn', 3);
INSERT INTO "grade"(gradevalue, username, cid) VALUES (10, 'janetgladney', 2);
INSERT INTO "grade"(gradevalue, username, cid) VALUES (2, 'samuelenyart', 1);

